order_id,order_item_id,product_id,seller_id,shipping_limit_date,price,freight_value
ORD_0000001,1,PROD_00110,SELL_0008,2023-12-06 08:33:29,199.1,9.62
ORD_0000002,1,PROD_00095,SELL_0004,2023-06-06 04:36:37,26.29,18.73
ORD_0000002,2,PROD_00060,SELL_0027,2023-06-10 04:36:37,12.78,5.4
ORD_0000002,3,PROD_00193,SELL_0037,2023-06-05 04:36:37,269.29,36.73
ORD_0000003,1,PROD_00004,SELL_0004,2025-03-11 03:50:18,220.22,15.0
ORD_0000003,2,PROD_00015,SELL_0003,2025-03-13 03:50:18,68.15,12.22
ORD_0000003,3,PROD_00090,SELL_0019,2025-03-12 03:50:18,190.66,40.62
ORD_0000004,1,PROD_00123,SELL_0005,2024-05-03 01:11:17,169.53,31.26
ORD_0000005,1,PROD_00053,SELL_0023,2024-02-19 01:25:56,96.66,34.41
ORD_0000005,2,PROD_00114,SELL_0050,2024-02-22 01:25:56,362.3,42.66
ORD_0000005,3,PROD_00075,SELL_0018,2024-02-20 01:25:56,350.21,14.77
ORD_0000006,1,PROD_00129,SELL_0027,2023-12-19 09:19:17,98.45,18.87
ORD_0000007,1,PROD_00125,SELL_0009,2023-11-10 23:28:49,126.32,13.14
ORD_0000007,2,PROD_00060,SELL_0008,2023-11-08 23:28:49,23.86,27.12
ORD_0000007,3,PROD_00186,SELL_0016,2023-11-11 23:28:49,330.22,10.68
ORD_0000008,1,PROD_00196,SELL_0032,2025-04-25 13:47:31,96.21,9.57
ORD_0000009,1,PROD_00151,SELL_0006,2023-06-14 02:19:45,143.7,38.09
ORD_0000010,1,PROD_00157,SELL_0025,2023-07-30 01:15:02,143.62,5.75
ORD_0000011,1,PROD_00058,SELL_0028,2024-01-19 14:32:25,49.09,12.38
ORD_0000012,1,PROD_00079,SELL_0002,2024-04-07 05:55:30,33.61,35.52
ORD_0000013,1,PROD_00087,SELL_0049,2023-09-28 23:53:44,139.18,41.3
ORD_0000013,2,PROD_00056,SELL_0040,2023-09-27 23:53:44,192.95,18.64
ORD_0000014,1,PROD_00187,SELL_0007,2023-08-21 20:14:43,280.36,35.1
ORD_0000014,2,PROD_00100,SELL_0019,2023-08-21 20:14:43,57.53,42.3
ORD_0000015,1,PROD_00147,SELL_0017,2025-03-13 21:00:30,222.79,35.76
ORD_0000016,1,PROD_00120,SELL_0009,2023-11-11 22:45:41,228.78,41.99
ORD_0000016,2,PROD_00072,SELL_0006,2023-11-12 22:45:41,146.93,43.04
ORD_0000016,3,PROD_00198,SELL_0026,2023-11-11 22:45:41,45.71,18.5
ORD_0000017,1,PROD_00093,SELL_0042,2023-09-22 06:29:19,78.16,15.02
ORD_0000018,1,PROD_00079,SELL_0017,2024-01-22 17:41:38,181.32,17.84
ORD_0000019,1,PROD_00005,SELL_0023,2023-12-16 08:40:20,30.88,23.66
ORD_0000020,1,PROD_00143,SELL_0006,2023-03-04 19:25:42,102.78,7.34
ORD_0000021,1,PROD_00142,SELL_0012,2023-11-03 08:58:26,24.33,7.56
ORD_0000021,2,PROD_00197,SELL_0032,2023-11-02 08:58:26,321.09,15.38
ORD_0000022,1,PROD_00045,SELL_0004,2025-01-16 22:14:43,90.51,29.72
ORD_0000023,1,PROD_00010,SELL_0029,2024-06-09 09:54:10,149.37,25.27
ORD_0000024,1,PROD_00142,SELL_0046,2025-04-11 17:48:58,45.3,7.43
ORD_0000025,1,PROD_00005,SELL_0023,2023-04-08 07:22:14,43.28,39.3
ORD_0000025,2,PROD_00184,SELL_0007,2023-04-04 07:22:14,25.51,14.39
ORD_0000025,3,PROD_00130,SELL_0016,2023-04-05 07:22:14,94.32,25.44
ORD_0000026,1,PROD_00096,SELL_0005,2023-11-05 14:54:07,417.99,32.24
ORD_0000027,1,PROD_00073,SELL_0024,2024-10-01 02:30:56,62.93,18.06
ORD_0000028,1,PROD_00167,SELL_0019,2023-07-31 10:26:36,277.93,42.7
ORD_0000028,2,PROD_00008,SELL_0010,2023-07-31 10:26:36,80.92,6.78
ORD_0000028,3,PROD_00007,SELL_0021,2023-07-31 10:26:36,111.8,13.46
ORD_0000029,1,PROD_00190,SELL_0023,2023-12-10 20:11:20,218.03,28.26
ORD_0000029,2,PROD_00097,SELL_0047,2023-12-10 20:11:20,253.45,6.3
ORD_0000030,1,PROD_00167,SELL_0015,2025-02-27 05:31:50,77.95,8.09
ORD_0000031,1,PROD_00148,SELL_0035,2024-02-25 13:30:24,98.25,34.36
ORD_0000032,1,PROD_00136,SELL_0043,2024-07-03 06:01:43,161.66,29.28
ORD_0000033,1,PROD_00082,SELL_0019,2023-12-22 09:08:06,95.37,38.44
ORD_0000034,1,PROD_00197,SELL_0021,2023-11-01 14:46:33,391.67,14.24
ORD_0000035,1,PROD_00178,SELL_0027,2023-12-21 15:22:48,187.71,34.31
ORD_0000035,2,PROD_00021,SELL_0024,2023-12-24 15:22:48,188.95,25.23
ORD_0000035,3,PROD_00124,SELL_0027,2023-12-20 15:22:48,217.75,22.96
ORD_0000036,1,PROD_00033,SELL_0027,2025-01-28 00:37:32,742.8,14.8
ORD_0000037,1,PROD_00036,SELL_0022,2024-10-21 08:49:34,254.05,36.83
ORD_0000038,1,PROD_00105,SELL_0037,2024-12-12 03:26:28,89.99,44.33
ORD_0000039,1,PROD_00198,SELL_0030,2023-06-08 06:44:43,19.86,12.2
ORD_0000040,1,PROD_00108,SELL_0031,2024-09-19 22:08:26,76.89,27.18
ORD_0000041,1,PROD_00009,SELL_0011,2023-04-29 03:31:12,420.25,5.96
ORD_0000042,1,PROD_00136,SELL_0023,2024-02-27 09:10:02,184.54,41.17
ORD_0000043,1,PROD_00143,SELL_0022,2023-09-02 00:00:42,111.75,16.74
ORD_0000044,1,PROD_00158,SELL_0005,2023-04-10 16:04:46,69.88,33.89
ORD_0000045,1,PROD_00115,SELL_0048,2024-04-17 09:16:29,731.22,30.23
ORD_0000045,2,PROD_00075,SELL_0047,2024-04-15 09:16:29,307.91,33.0
ORD_0000045,3,PROD_00186,SELL_0033,2024-04-14 09:16:29,311.06,41.65
ORD_0000046,1,PROD_00002,SELL_0042,2024-11-29 10:27:47,154.49,19.79
ORD_0000047,1,PROD_00113,SELL_0018,2023-05-24 21:41:10,166.08,33.9
ORD_0000048,1,PROD_00127,SELL_0034,2025-04-20 10:11:07,30.58,27.57
ORD_0000049,1,PROD_00110,SELL_0049,2024-02-02 22:54:30,110.56,20.36
ORD_0000050,1,PROD_00011,SELL_0047,2023-06-16 03:26:58,123.96,34.39
ORD_0000050,2,PROD_00111,SELL_0040,2023-06-17 03:26:58,429.73,28.01
ORD_0000050,3,PROD_00026,SELL_0019,2023-06-17 03:26:58,96.63,11.62
ORD_0000051,1,PROD_00058,SELL_0017,2023-07-11 19:24:49,178.22,16.54
ORD_0000052,1,PROD_00060,SELL_0014,2023-02-23 02:16:41,42.65,10.64
ORD_0000052,2,PROD_00131,SELL_0003,2023-02-23 02:16:41,61.61,6.09
ORD_0000053,1,PROD_00050,SELL_0002,2024-08-05 07:42:55,43.73,38.3
ORD_0000054,1,PROD_00147,SELL_0009,2023-12-26 21:43:41,142.29,22.79
ORD_0000055,1,PROD_00029,SELL_0008,2023-01-17 20:59:10,254.94,41.77
ORD_0000056,1,PROD_00127,SELL_0018,2023-09-11 10:17:03,24.73,39.58
ORD_0000056,2,PROD_00172,SELL_0006,2023-09-11 10:17:03,57.03,19.15
ORD_0000057,1,PROD_00187,SELL_0022,2023-09-02 02:29:28,45.45,11.27
ORD_0000057,2,PROD_00117,SELL_0050,2023-08-31 02:29:28,119.05,25.51
ORD_0000058,1,PROD_00081,SELL_0007,2024-11-07 00:06:25,71.92,6.53
ORD_0000058,2,PROD_00134,SELL_0043,2024-11-07 00:06:25,67.39,38.66
ORD_0000059,1,PROD_00163,SELL_0038,2023-04-09 19:39:40,97.82,14.84
ORD_0000060,1,PROD_00057,SELL_0010,2025-04-30 01:52:14,104.27,15.61
ORD_0000060,2,PROD_00048,SELL_0013,2025-05-02 01:52:14,187.39,16.3
ORD_0000061,1,PROD_00133,SELL_0001,2025-01-08 21:23:45,69.29,34.98
ORD_0000061,2,PROD_00018,SELL_0046,2025-01-06 21:23:45,41.8,29.45
ORD_0000062,1,PROD_00177,SELL_0038,2025-04-02 09:35:33,232.57,20.21
ORD_0000063,1,PROD_00124,SELL_0020,2023-05-27 22:47:46,192.7,43.17
ORD_0000064,1,PROD_00172,SELL_0026,2024-04-19 06:45:21,158.39,36.87
ORD_0000064,2,PROD_00092,SELL_0015,2024-04-15 06:45:21,391.8,16.82
ORD_0000065,1,PROD_00194,SELL_0029,2024-11-23 18:07:49,62.3,21.78
ORD_0000065,2,PROD_00064,SELL_0030,2024-11-23 18:07:49,135.86,9.63
ORD_0000065,3,PROD_00170,SELL_0046,2024-11-22 18:07:49,51.79,32.88
ORD_0000066,1,PROD_00124,SELL_0039,2024-07-02 23:03:35,296.44,39.56
ORD_0000066,2,PROD_00176,SELL_0033,2024-06-30 23:03:35,54.62,16.64
ORD_0000067,1,PROD_00105,SELL_0017,2023-07-08 22:37:11,21.55,35.87
ORD_0000067,2,PROD_00082,SELL_0028,2023-07-06 22:37:11,135.14,37.36
ORD_0000068,1,PROD_00014,SELL_0022,2024-02-05 13:38:58,25.12,34.13
ORD_0000069,1,PROD_00079,SELL_0011,2023-12-24 09:28:51,148.1,13.85
ORD_0000069,2,PROD_00053,SELL_0040,2023-12-24 09:28:51,143.63,9.41
ORD_0000070,1,PROD_00155,SELL_0002,2024-12-24 17:55:20,225.11,43.01
ORD_0000071,1,PROD_00181,SELL_0050,2023-07-31 06:39:45,179.98,19.11
ORD_0000072,1,PROD_00013,SELL_0013,2024-07-12 22:40:20,165.22,19.48
ORD_0000073,1,PROD_00102,SELL_0011,2024-08-23 18:42:45,346.69,14.17
ORD_0000073,2,PROD_00085,SELL_0016,2024-08-21 18:42:45,29.5,27.12
ORD_0000074,1,PROD_00006,SELL_0033,2023-04-25 00:24:09,139.6,26.06
ORD_0000075,1,PROD_00011,SELL_0015,2025-03-22 05:18:43,31.97,17.06
ORD_0000075,2,PROD_00198,SELL_0048,2025-03-17 05:18:43,56.61,6.35
ORD_0000076,1,PROD_00097,SELL_0048,2024-01-07 14:06:39,205.2,10.25
ORD_0000076,2,PROD_00022,SELL_0046,2024-01-10 14:06:39,82.86,25.18
ORD_0000077,1,PROD_00004,SELL_0010,2024-02-05 07:32:50,189.52,26.67
ORD_0000078,1,PROD_00101,SELL_0020,2024-07-23 01:00:47,148.8,29.23
ORD_0000078,2,PROD_00109,SELL_0018,2024-07-24 01:00:47,43.43,5.94
ORD_0000079,1,PROD_00068,SELL_0025,2024-10-14 22:45:41,679.25,28.05
ORD_0000080,1,PROD_00057,SELL_0031,2024-04-08 05:43:04,145.36,27.44
ORD_0000081,1,PROD_00137,SELL_0032,2024-01-29 01:27:17,263.16,20.3
ORD_0000081,2,PROD_00101,SELL_0046,2024-01-24 01:27:17,572.82,35.51
ORD_0000081,3,PROD_00116,SELL_0026,2024-01-25 01:27:17,176.24,44.01
ORD_0000082,1,PROD_00123,SELL_0022,2024-12-30 04:02:09,147.34,30.71
ORD_0000083,1,PROD_00022,SELL_0032,2024-05-23 18:35:22,93.42,11.77
ORD_0000083,2,PROD_00064,SELL_0031,2024-05-23 18:35:22,25.94,21.13
ORD_0000084,1,PROD_00146,SELL_0032,2025-03-20 16:10:26,154.51,7.36
ORD_0000084,2,PROD_00106,SELL_0010,2025-03-18 16:10:26,66.39,18.51
ORD_0000085,1,PROD_00145,SELL_0018,2023-08-14 21:21:21,155.7,39.86
ORD_0000086,1,PROD_00144,SELL_0021,2023-05-05 21:22:28,485.03,26.82
ORD_0000087,1,PROD_00119,SELL_0048,2024-10-05 07:02:43,436.97,25.58
ORD_0000088,1,PROD_00027,SELL_0009,2024-06-15 11:32:51,187.51,8.1
ORD_0000089,1,PROD_00192,SELL_0008,2024-10-31 06:20:32,33.08,12.89
ORD_0000090,1,PROD_00127,SELL_0032,2023-01-11 20:04:13,17.8,37.13
ORD_0000090,2,PROD_00192,SELL_0001,2023-01-12 20:04:13,176.1,21.73
ORD_0000091,1,PROD_00076,SELL_0018,2023-04-23 06:34:53,222.98,40.21
ORD_0000092,1,PROD_00096,SELL_0019,2023-01-31 14:45:21,290.63,11.64
ORD_0000093,1,PROD_00158,SELL_0039,2023-09-19 17:04:36,382.24,19.85
ORD_0000094,1,PROD_00054,SELL_0047,2023-11-23 00:24:43,282.14,42.08
ORD_0000095,1,PROD_00184,SELL_0027,2025-02-05 18:02:44,209.91,5.39
ORD_0000096,1,PROD_00018,SELL_0045,2023-04-02 09:48:59,79.5,5.22
ORD_0000097,1,PROD_00025,SELL_0004,2024-07-06 07:08:47,103.73,18.24
ORD_0000098,1,PROD_00041,SELL_0015,2025-03-29 23:41:23,54.71,30.45
ORD_0000099,1,PROD_00050,SELL_0028,2023-02-18 00:36:38,193.77,37.83
ORD_0000100,1,PROD_00095,SELL_0017,2024-03-04 20:54:32,40.47,21.13
ORD_0000100,2,PROD_00139,SELL_0038,2024-03-01 20:54:32,399.3,13.1
ORD_0000101,1,PROD_00056,SELL_0007,2023-09-19 06:07:11,80.8,15.52
ORD_0000102,1,PROD_00151,SELL_0037,2024-10-28 17:04:18,231.02,20.32
ORD_0000102,2,PROD_00155,SELL_0040,2024-10-29 17:04:18,125.35,37.29
ORD_0000103,1,PROD_00054,SELL_0014,2024-08-19 15:21:22,67.07,36.33
ORD_0000103,2,PROD_00158,SELL_0001,2024-08-21 15:21:22,84.2,11.59
ORD_0000103,3,PROD_00020,SELL_0033,2024-08-22 15:21:22,450.06,7.09
ORD_0000104,1,PROD_00121,SELL_0008,2024-05-15 14:21:39,25.01,25.02
ORD_0000105,1,PROD_00097,SELL_0023,2024-08-07 11:51:20,237.83,33.25
ORD_0000106,1,PROD_00082,SELL_0014,2023-10-14 11:08:43,168.59,40.33
ORD_0000106,2,PROD_00163,SELL_0028,2023-10-17 11:08:43,126.7,33.45
ORD_0000107,1,PROD_00178,SELL_0036,2024-01-08 09:31:35,557.55,32.41
ORD_0000108,1,PROD_00046,SELL_0030,2024-07-12 06:16:46,19.17,19.63
ORD_0000109,1,PROD_00109,SELL_0013,2024-06-08 20:01:52,21.03,27.39
ORD_0000110,1,PROD_00192,SELL_0024,2024-07-12 15:41:49,199.13,12.83
ORD_0000111,1,PROD_00151,SELL_0024,2023-10-29 04:29:32,118.98,8.76
ORD_0000112,1,PROD_00004,SELL_0018,2023-06-26 16:08:28,157.59,6.34
ORD_0000113,1,PROD_00012,SELL_0018,2023-06-06 23:46:30,199.19,33.17
ORD_0000114,1,PROD_00147,SELL_0031,2024-11-21 06:33:58,251.41,39.53
ORD_0000115,1,PROD_00126,SELL_0042,2024-11-01 10:06:45,34.33,35.0
ORD_0000116,1,PROD_00010,SELL_0046,2023-07-01 12:41:24,274.44,29.52
ORD_0000116,2,PROD_00181,SELL_0009,2023-06-30 12:41:24,373.37,39.84
ORD_0000117,1,PROD_00031,SELL_0004,2024-01-25 07:33:25,46.9,30.5
ORD_0000118,1,PROD_00140,SELL_0042,2024-06-03 04:28:10,153.19,39.1
ORD_0000119,1,PROD_00086,SELL_0021,2023-07-18 05:23:38,169.08,38.93
ORD_0000119,2,PROD_00044,SELL_0024,2023-07-17 05:23:38,136.8,28.47
ORD_0000120,1,PROD_00171,SELL_0043,2024-11-24 15:30:13,173.21,38.51
ORD_0000121,1,PROD_00195,SELL_0006,2023-02-17 04:36:37,34.08,34.16
ORD_0000122,1,PROD_00071,SELL_0027,2023-09-25 05:33:25,312.09,32.55
ORD_0000123,1,PROD_00001,SELL_0008,2025-01-10 23:42:52,119.24,27.42
ORD_0000124,1,PROD_00179,SELL_0006,2024-05-10 05:14:53,43.84,42.21
ORD_0000125,1,PROD_00047,SELL_0038,2024-11-13 16:16:10,148.61,12.43
ORD_0000125,2,PROD_00006,SELL_0014,2024-11-13 16:16:10,141.51,36.55
ORD_0000125,3,PROD_00096,SELL_0016,2024-11-10 16:16:10,240.97,40.09
ORD_0000126,1,PROD_00165,SELL_0048,2023-05-23 03:01:12,236.52,39.58
ORD_0000126,2,PROD_00034,SELL_0019,2023-05-19 03:01:12,119.01,20.17
ORD_0000127,1,PROD_00145,SELL_0013,2025-04-30 04:38:06,89.15,14.04
ORD_0000128,1,PROD_00046,SELL_0029,2025-02-13 03:05:30,176.58,15.37
ORD_0000128,2,PROD_00024,SELL_0023,2025-02-16 03:05:30,95.83,28.15
ORD_0000129,1,PROD_00162,SELL_0038,2023-01-07 21:41:27,56.53,11.82
ORD_0000130,1,PROD_00146,SELL_0023,2025-03-05 12:22:37,50.03,33.09
ORD_0000131,1,PROD_00074,SELL_0033,2024-03-17 04:16:30,49.41,32.99
ORD_0000131,2,PROD_00191,SELL_0050,2024-03-14 04:16:30,484.81,8.63
ORD_0000132,1,PROD_00120,SELL_0034,2023-09-28 06:00:45,93.04,41.88
ORD_0000133,1,PROD_00122,SELL_0024,2024-06-22 00:24:41,81.73,28.47
ORD_0000134,1,PROD_00151,SELL_0007,2024-08-29 08:16:54,316.93,17.89
ORD_0000135,1,PROD_00003,SELL_0022,2024-12-04 12:48:13,64.45,24.02
ORD_0000136,1,PROD_00048,SELL_0030,2023-09-23 09:36:22,229.59,17.25
ORD_0000136,2,PROD_00048,SELL_0040,2023-09-22 09:36:22,191.73,22.56
ORD_0000136,3,PROD_00152,SELL_0026,2023-09-22 09:36:22,473.49,22.4
ORD_0000137,1,PROD_00065,SELL_0031,2025-02-11 07:28:50,147.44,29.04
ORD_0000137,2,PROD_00103,SELL_0015,2025-02-10 07:28:50,23.61,43.83
ORD_0000138,1,PROD_00110,SELL_0026,2024-07-23 19:44:43,274.31,43.16
ORD_0000139,1,PROD_00132,SELL_0039,2025-04-10 02:52:09,42.45,17.02
ORD_0000140,1,PROD_00051,SELL_0009,2023-03-26 19:02:46,476.72,27.72
ORD_0000140,2,PROD_00170,SELL_0006,2023-03-27 19:02:46,113.28,43.4
ORD_0000140,3,PROD_00197,SELL_0026,2023-03-26 19:02:46,82.34,18.84
ORD_0000141,1,PROD_00169,SELL_0020,2024-11-06 16:18:45,143.57,40.32
ORD_0000142,1,PROD_00061,SELL_0047,2024-11-06 16:18:12,347.37,22.46
ORD_0000143,1,PROD_00143,SELL_0031,2023-08-29 19:10:43,341.35,19.97
ORD_0000144,1,PROD_00121,SELL_0014,2024-02-19 11:42:25,36.59,20.76
ORD_0000145,1,PROD_00119,SELL_0007,2024-12-26 02:58:05,435.49,35.52
ORD_0000146,1,PROD_00196,SELL_0021,2024-09-16 06:29:59,187.7,21.0
ORD_0000147,1,PROD_00187,SELL_0035,2024-06-04 03:35:04,264.99,28.88
ORD_0000147,2,PROD_00089,SELL_0038,2024-06-04 03:35:04,102.78,34.62
ORD_0000148,1,PROD_00156,SELL_0024,2025-03-27 18:16:44,43.85,14.41
ORD_0000149,1,PROD_00001,SELL_0005,2025-03-06 07:48:21,219.54,35.07
ORD_0000150,1,PROD_00128,SELL_0028,2024-01-29 20:50:14,19.1,13.45
ORD_0000151,1,PROD_00168,SELL_0020,2024-01-02 16:34:00,106.34,11.03
ORD_0000152,1,PROD_00124,SELL_0027,2024-07-24 05:30:20,26.67,43.34
ORD_0000153,1,PROD_00175,SELL_0006,2025-02-07 21:59:58,329.72,9.26
ORD_0000154,1,PROD_00026,SELL_0001,2023-08-26 06:53:15,169.13,21.18
ORD_0000155,1,PROD_00148,SELL_0001,2023-03-27 21:42:31,80.98,32.45
ORD_0000156,1,PROD_00172,SELL_0020,2023-11-24 15:57:56,135.47,35.85
ORD_0000157,1,PROD_00163,SELL_0029,2024-06-13 08:25:14,26.23,37.29
ORD_0000158,1,PROD_00122,SELL_0024,2024-05-31 11:25:55,293.45,38.77
ORD_0000159,1,PROD_00109,SELL_0044,2024-06-16 14:20:44,44.88,20.34
ORD_0000159,2,PROD_00039,SELL_0046,2024-06-20 14:20:44,22.64,42.93
ORD_0000160,1,PROD_00132,SELL_0030,2023-09-28 05:35:16,149.12,34.11
ORD_0000161,1,PROD_00073,SELL_0030,2023-07-12 15:27:13,28.35,39.72
ORD_0000162,1,PROD_00154,SELL_0022,2024-08-15 04:36:43,349.47,15.09
ORD_0000163,1,PROD_00007,SELL_0023,2024-03-23 12:12:09,447.92,12.15
ORD_0000164,1,PROD_00084,SELL_0008,2024-07-04 23:20:50,206.7,6.42
ORD_0000165,1,PROD_00137,SELL_0006,2024-02-18 03:44:10,374.57,14.95
ORD_0000165,2,PROD_00025,SELL_0032,2024-02-17 03:44:10,35.8,10.79
ORD_0000166,1,PROD_00089,SELL_0016,2023-12-16 08:23:23,194.65,32.56
ORD_0000166,2,PROD_00135,SELL_0021,2023-12-13 08:23:23,293.15,6.63
ORD_0000167,1,PROD_00156,SELL_0007,2024-03-02 03:22:55,195.6,30.51
ORD_0000168,1,PROD_00186,SELL_0048,2023-07-02 09:22:20,49.93,42.1
ORD_0000169,1,PROD_00006,SELL_0047,2024-09-27 09:29:40,45.35,34.87
ORD_0000170,1,PROD_00021,SELL_0008,2023-03-18 02:10:21,421.69,22.34
ORD_0000170,2,PROD_00147,SELL_0033,2023-03-21 02:10:21,96.77,17.13
ORD_0000171,1,PROD_00063,SELL_0037,2024-10-27 12:17:56,247.58,6.95
ORD_0000171,2,PROD_00056,SELL_0048,2024-10-29 12:17:56,193.77,22.48
ORD_0000172,1,PROD_00071,SELL_0026,2023-06-24 05:54:01,260.75,6.83
ORD_0000172,2,PROD_00174,SELL_0014,2023-06-23 05:54:01,156.76,5.2
ORD_0000173,1,PROD_00169,SELL_0039,2023-06-27 12:06:06,129.92,15.68
ORD_0000173,2,PROD_00082,SELL_0046,2023-06-24 12:06:06,47.2,13.99
ORD_0000174,1,PROD_00157,SELL_0030,2025-02-28 02:06:16,111.42,33.48
ORD_0000175,1,PROD_00153,SELL_0036,2023-09-13 23:18:28,112.05,20.56
ORD_0000176,1,PROD_00082,SELL_0030,2023-12-07 15:29:55,116.98,22.78
ORD_0000177,1,PROD_00137,SELL_0017,2023-05-24 22:34:11,354.91,31.92
ORD_0000178,1,PROD_00147,SELL_0036,2023-12-26 15:34:14,291.12,30.26
ORD_0000179,1,PROD_00192,SELL_0019,2023-06-13 09:00:00,197.13,19.77
ORD_0000180,1,PROD_00120,SELL_0011,2024-05-24 15:19:00,28.28,29.99
ORD_0000181,1,PROD_00111,SELL_0049,2023-01-12 17:23:12,349.85,35.6
ORD_0000182,1,PROD_00126,SELL_0035,2025-05-01 12:14:16,148.56,20.01
ORD_0000183,1,PROD_00032,SELL_0008,2025-04-05 19:51:44,12.27,13.73
ORD_0000184,1,PROD_00041,SELL_0026,2023-05-26 09:07:40,313.74,44.38
ORD_0000185,1,PROD_00193,SELL_0018,2023-07-16 10:01:09,84.88,41.02
ORD_0000186,1,PROD_00162,SELL_0041,2023-05-16 22:28:46,12.92,40.39
ORD_0000186,2,PROD_00082,SELL_0015,2023-05-14 22:28:46,160.65,26.3
ORD_0000187,1,PROD_00119,SELL_0011,2023-08-14 10:26:19,200.32,41.98
ORD_0000188,1,PROD_00001,SELL_0030,2025-02-14 04:03:17,193.44,18.36
ORD_0000189,1,PROD_00026,SELL_0027,2023-09-19 12:53:00,105.09,31.12
ORD_0000190,1,PROD_00008,SELL_0040,2025-01-31 01:12:29,255.17,10.54
ORD_0000191,1,PROD_00154,SELL_0002,2024-05-03 12:43:19,293.88,21.35
ORD_0000191,2,PROD_00157,SELL_0031,2024-05-06 12:43:19,98.73,27.77
ORD_0000191,3,PROD_00024,SELL_0039,2024-05-06 12:43:19,172.05,5.91
ORD_0000192,1,PROD_00131,SELL_0011,2024-05-12 20:19:12,69.76,39.01
ORD_0000193,1,PROD_00062,SELL_0013,2024-10-14 13:20:00,86.58,42.49
ORD_0000194,1,PROD_00017,SELL_0030,2023-02-18 18:50:44,225.19,13.28
ORD_0000195,1,PROD_00155,SELL_0012,2023-04-07 07:10:31,188.59,14.68
ORD_0000196,1,PROD_00029,SELL_0011,2023-03-06 11:41:09,284.24,38.52
ORD_0000197,1,PROD_00018,SELL_0044,2023-09-01 10:35:50,5.52,6.29
ORD_0000198,1,PROD_00121,SELL_0027,2025-01-15 04:16:57,52.83,7.81
ORD_0000198,2,PROD_00184,SELL_0039,2025-01-18 04:16:57,141.28,33.63
ORD_0000199,1,PROD_00183,SELL_0047,2024-07-11 22:31:12,41.01,24.23
ORD_0000199,2,PROD_00075,SELL_0047,2024-07-11 22:31:12,328.43,38.13
ORD_0000199,3,PROD_00094,SELL_0041,2024-07-16 22:31:12,131.84,42.1
ORD_0000200,1,PROD_00032,SELL_0049,2024-07-27 05:04:33,12.77,38.88
ORD_0000201,1,PROD_00029,SELL_0043,2024-04-13 00:49:40,256.87,19.66
ORD_0000201,2,PROD_00037,SELL_0014,2024-04-13 00:49:40,229.55,36.82
ORD_0000202,1,PROD_00165,SELL_0046,2024-10-02 07:20:46,178.02,23.33
ORD_0000203,1,PROD_00194,SELL_0029,2024-06-24 21:31:49,24.5,16.81
ORD_0000203,2,PROD_00116,SELL_0039,2024-06-22 21:31:49,497.2,27.73
ORD_0000204,1,PROD_00038,SELL_0024,2024-06-25 21:04:02,35.13,6.04
ORD_0000204,2,PROD_00093,SELL_0046,2024-06-22 21:04:02,182.74,17.27
ORD_0000205,1,PROD_00079,SELL_0019,2024-05-15 06:06:02,155.7,22.59
ORD_0000206,1,PROD_00178,SELL_0025,2023-02-24 11:14:38,111.77,29.3
ORD_0000206,2,PROD_00164,SELL_0038,2023-02-24 11:14:38,87.68,39.04
ORD_0000207,1,PROD_00004,SELL_0048,2023-03-29 14:51:40,75.96,33.85
ORD_0000208,1,PROD_00159,SELL_0042,2024-09-26 08:33:02,72.5,43.9
ORD_0000209,1,PROD_00129,SELL_0032,2023-08-17 16:06:06,216.01,19.97
ORD_0000210,1,PROD_00135,SELL_0025,2024-10-04 05:35:47,251.39,24.36
ORD_0000211,1,PROD_00017,SELL_0015,2024-01-05 21:29:44,95.46,17.37
ORD_0000212,1,PROD_00200,SELL_0013,2023-12-16 21:10:34,448.11,9.78
ORD_0000213,1,PROD_00146,SELL_0048,2023-12-05 11:26:48,183.41,41.25
ORD_0000214,1,PROD_00190,SELL_0026,2025-03-02 17:59:47,104.94,31.57
ORD_0000214,2,PROD_00026,SELL_0018,2025-03-01 17:59:47,238.73,25.3
ORD_0000215,1,PROD_00190,SELL_0004,2024-02-16 00:46:02,228.96,8.18
ORD_0000215,2,PROD_00146,SELL_0048,2024-02-14 00:46:02,109.36,14.79
ORD_0000215,3,PROD_00177,SELL_0015,2024-02-18 00:46:02,750.98,39.3
ORD_0000216,1,PROD_00046,SELL_0036,2023-08-20 06:54:20,21.64,29.37
ORD_0000216,2,PROD_00024,SELL_0005,2023-08-19 06:54:20,137.61,34.33
ORD_0000217,1,PROD_00016,SELL_0049,2024-07-29 18:59:36,20.58,14.76
ORD_0000218,1,PROD_00026,SELL_0021,2024-08-26 07:14:16,141.18,36.26
ORD_0000219,1,PROD_00123,SELL_0013,2023-08-13 23:04:46,42.36,8.34
ORD_0000220,1,PROD_00056,SELL_0001,2023-04-14 19:41:19,155.6,17.0
ORD_0000221,1,PROD_00029,SELL_0042,2025-03-12 01:58:49,256.19,22.71
ORD_0000222,1,PROD_00163,SELL_0001,2024-11-03 19:59:00,96.02,23.25
ORD_0000223,1,PROD_00154,SELL_0022,2024-06-26 01:20:34,149.96,30.25
ORD_0000223,2,PROD_00124,SELL_0020,2024-06-24 01:20:34,187.26,43.06
ORD_0000224,1,PROD_00064,SELL_0033,2024-02-11 14:48:38,74.82,32.11
ORD_0000224,2,PROD_00161,SELL_0012,2024-02-12 14:48:38,286.42,44.09
ORD_0000225,1,PROD_00131,SELL_0005,2025-03-21 12:09:08,40.29,11.53
ORD_0000226,1,PROD_00025,SELL_0041,2024-02-20 16:27:49,167.67,22.73
ORD_0000227,1,PROD_00047,SELL_0015,2023-07-25 15:25:41,46.78,9.35
ORD_0000228,1,PROD_00079,SELL_0007,2023-10-07 13:20:43,113.0,26.22
ORD_0000229,1,PROD_00157,SELL_0021,2023-12-26 06:20:22,85.45,31.88
ORD_0000230,1,PROD_00102,SELL_0040,2023-06-06 14:02:59,318.61,39.09
ORD_0000231,1,PROD_00133,SELL_0027,2025-01-22 02:07:47,78.59,31.14
ORD_0000232,1,PROD_00068,SELL_0020,2023-12-22 22:51:07,343.59,39.25
ORD_0000233,1,PROD_00086,SELL_0021,2025-02-01 17:13:13,148.07,38.17
ORD_0000234,1,PROD_00145,SELL_0049,2024-12-21 21:01:24,107.48,21.68
ORD_0000235,1,PROD_00105,SELL_0030,2023-09-23 05:03:18,77.19,37.21
ORD_0000236,1,PROD_00181,SELL_0017,2024-02-06 21:17:42,117.06,31.48
ORD_0000237,1,PROD_00007,SELL_0021,2024-11-01 12:14:24,277.82,36.64
ORD_0000237,2,PROD_00144,SELL_0040,2024-11-01 12:14:24,453.85,36.9
ORD_0000238,1,PROD_00071,SELL_0021,2023-04-08 05:12:32,71.28,14.73
ORD_0000239,1,PROD_00185,SELL_0003,2024-07-03 09:21:31,425.23,43.08
ORD_0000240,1,PROD_00181,SELL_0039,2023-09-05 16:17:51,253.78,16.21
ORD_0000241,1,PROD_00026,SELL_0035,2024-07-26 08:14:09,28.19,18.71
ORD_0000242,1,PROD_00073,SELL_0048,2024-11-27 19:55:40,52.2,10.37
ORD_0000243,1,PROD_00199,SELL_0010,2024-03-18 09:58:38,260.37,37.97
ORD_0000244,1,PROD_00052,SELL_0021,2025-04-05 06:55:08,177.31,22.53
ORD_0000245,1,PROD_00170,SELL_0019,2025-03-06 04:41:59,93.0,26.24
ORD_0000246,1,PROD_00198,SELL_0045,2023-11-29 04:46:01,62.74,39.83
ORD_0000247,1,PROD_00093,SELL_0014,2024-04-01 23:59:52,227.7,22.83
ORD_0000247,2,PROD_00083,SELL_0022,2024-04-01 23:59:52,171.89,23.43
ORD_0000248,1,PROD_00181,SELL_0002,2023-07-12 00:48:39,144.33,29.14
ORD_0000249,1,PROD_00106,SELL_0004,2024-09-08 07:14:43,85.51,37.24
ORD_0000250,1,PROD_00132,SELL_0003,2024-11-02 11:11:54,76.62,27.63
ORD_0000251,1,PROD_00084,SELL_0037,2023-08-24 01:26:48,482.48,24.68
ORD_0000251,2,PROD_00163,SELL_0006,2023-08-26 01:26:48,19.4,8.02
ORD_0000252,1,PROD_00137,SELL_0006,2025-02-20 06:04:11,95.95,25.54
ORD_0000252,2,PROD_00120,SELL_0049,2025-02-16 06:04:11,190.81,44.72
ORD_0000253,1,PROD_00111,SELL_0048,2024-04-16 07:27:25,659.67,23.63
ORD_0000253,2,PROD_00167,SELL_0037,2024-04-17 07:27:25,248.04,12.27
ORD_0000254,1,PROD_00200,SELL_0028,2024-07-05 16:41:56,427.85,37.81
ORD_0000255,1,PROD_00076,SELL_0002,2024-04-14 01:56:15,26.75,38.13
ORD_0000256,1,PROD_00110,SELL_0038,2023-02-27 06:18:28,65.42,39.22
ORD_0000257,1,PROD_00137,SELL_0050,2024-03-14 09:39:58,239.72,31.62
ORD_0000257,2,PROD_00091,SELL_0037,2024-03-11 09:39:58,448.76,33.6
ORD_0000258,1,PROD_00038,SELL_0002,2024-06-02 03:11:49,18.72,12.26
ORD_0000259,1,PROD_00011,SELL_0005,2024-02-11 13:20:28,119.12,26.6
ORD_0000260,1,PROD_00059,SELL_0011,2023-09-19 10:44:41,102.14,13.07
ORD_0000260,2,PROD_00070,SELL_0050,2023-09-18 10:44:41,209.39,41.8
ORD_0000261,1,PROD_00113,SELL_0002,2024-12-29 14:40:23,124.79,42.92
ORD_0000262,1,PROD_00190,SELL_0029,2023-06-18 12:35:24,107.18,6.97
ORD_0000262,2,PROD_00051,SELL_0008,2023-06-15 12:35:24,118.7,20.22
ORD_0000263,1,PROD_00130,SELL_0008,2024-11-09 04:10:55,183.52,33.98
ORD_0000263,2,PROD_00194,SELL_0048,2024-11-12 04:10:55,20.72,42.63
ORD_0000263,3,PROD_00092,SELL_0013,2024-11-09 04:10:55,531.04,17.68
ORD_0000264,1,PROD_00130,SELL_0008,2024-10-08 05:07:57,78.37,15.21
ORD_0000264,2,PROD_00005,SELL_0026,2024-10-05 05:07:57,8.38,37.14
ORD_0000264,3,PROD_00091,SELL_0005,2024-10-08 05:07:57,192.99,17.4
ORD_0000265,1,PROD_00167,SELL_0006,2025-03-01 08:00:29,227.97,44.99
ORD_0000265,2,PROD_00165,SELL_0002,2025-02-26 08:00:29,205.39,40.04
ORD_0000265,3,PROD_00187,SELL_0010,2025-02-25 08:00:29,203.02,17.93
ORD_0000266,1,PROD_00003,SELL_0045,2023-08-16 18:42:30,55.83,11.23
ORD_0000267,1,PROD_00016,SELL_0048,2023-01-14 07:56:35,49.72,13.39
ORD_0000267,2,PROD_00076,SELL_0011,2023-01-12 07:56:35,127.22,21.6
ORD_0000268,1,PROD_00133,SELL_0043,2023-03-01 20:22:02,77.4,34.68
ORD_0000269,1,PROD_00029,SELL_0014,2023-12-10 02:03:06,278.5,6.2
ORD_0000270,1,PROD_00096,SELL_0021,2024-12-19 19:36:50,456.31,15.61
ORD_0000271,1,PROD_00085,SELL_0048,2023-02-09 02:49:19,9.48,23.82
ORD_0000271,2,PROD_00105,SELL_0039,2023-02-13 02:49:19,18.83,20.08
ORD_0000272,1,PROD_00041,SELL_0015,2023-10-29 15:08:07,67.04,18.95
ORD_0000273,1,PROD_00017,SELL_0027,2024-06-27 06:44:13,41.42,24.03
ORD_0000274,1,PROD_00155,SELL_0031,2025-01-16 22:38:59,327.58,5.03
ORD_0000275,1,PROD_00066,SELL_0024,2024-06-28 18:39:22,14.67,31.25
ORD_0000275,2,PROD_00172,SELL_0048,2024-06-28 18:39:22,221.99,24.11
ORD_0000276,1,PROD_00057,SELL_0010,2023-07-07 19:14:45,82.06,37.22
ORD_0000277,1,PROD_00191,SELL_0040,2023-01-27 14:40:50,93.08,21.15
ORD_0000278,1,PROD_00065,SELL_0022,2023-12-15 11:35:51,45.08,31.37
ORD_0000279,1,PROD_00172,SELL_0018,2025-03-23 02:19:19,187.47,25.68
ORD_0000279,2,PROD_00084,SELL_0038,2025-03-27 02:19:19,276.33,31.45
ORD_0000279,3,PROD_00009,SELL_0041,2025-03-22 02:19:19,379.01,36.99
ORD_0000280,1,PROD_00047,SELL_0016,2024-08-08 19:01:53,12.72,30.39
ORD_0000280,2,PROD_00102,SELL_0031,2024-08-09 19:01:53,142.56,27.88
ORD_0000281,1,PROD_00148,SELL_0030,2024-05-06 01:41:08,66.79,44.71
ORD_0000282,1,PROD_00113,SELL_0050,2025-03-19 13:59:47,120.72,16.17
ORD_0000283,1,PROD_00087,SELL_0022,2024-11-30 10:35:34,149.54,12.45
ORD_0000283,2,PROD_00198,SELL_0043,2024-11-29 10:35:34,46.17,31.53
ORD_0000283,3,PROD_00196,SELL_0024,2024-11-30 10:35:34,108.62,7.52
ORD_0000284,1,PROD_00140,SELL_0030,2023-06-04 08:53:01,80.59,14.09
ORD_0000285,1,PROD_00183,SELL_0020,2023-06-24 18:38:24,224.61,39.93
ORD_0000286,1,PROD_00022,SELL_0012,2024-03-04 02:31:56,581.12,43.87
ORD_0000287,1,PROD_00131,SELL_0015,2023-11-08 05:07:23,19.62,38.6
ORD_0000287,2,PROD_00051,SELL_0039,2023-11-09 05:07:23,372.04,19.16
ORD_0000288,1,PROD_00136,SELL_0024,2024-06-02 04:12:21,109.76,37.01
ORD_0000289,1,PROD_00136,SELL_0044,2023-12-05 04:49:55,41.68,11.35
ORD_0000290,1,PROD_00159,SELL_0046,2024-02-04 22:55:33,21.97,42.23
ORD_0000291,1,PROD_00157,SELL_0004,2024-09-05 02:21:29,157.05,13.09
ORD_0000292,1,PROD_00134,SELL_0030,2023-08-07 10:12:12,175.38,40.75
ORD_0000293,1,PROD_00077,SELL_0036,2023-05-08 08:09:10,10.05,15.05
ORD_0000294,1,PROD_00188,SELL_0004,2024-07-21 10:17:09,252.98,43.37
ORD_0000295,1,PROD_00124,SELL_0016,2023-03-19 09:39:57,290.52,35.58
ORD_0000296,1,PROD_00166,SELL_0016,2023-04-23 12:03:05,274.65,28.66
ORD_0000296,2,PROD_00019,SELL_0009,2023-04-24 12:03:05,166.73,42.96
ORD_0000297,1,PROD_00190,SELL_0014,2024-12-12 22:28:39,246.79,31.89
ORD_0000298,1,PROD_00071,SELL_0008,2025-02-18 14:36:08,385.08,5.43
ORD_0000299,1,PROD_00027,SELL_0015,2023-11-21 21:41:45,315.51,28.94
ORD_0000300,1,PROD_00032,SELL_0010,2024-01-10 12:11:44,45.59,29.4
ORD_0000301,1,PROD_00194,SELL_0018,2023-02-02 02:30:07,73.29,18.66
ORD_0000301,2,PROD_00098,SELL_0041,2023-02-05 02:30:07,153.27,15.22
ORD_0000302,1,PROD_00044,SELL_0032,2024-06-08 03:25:52,132.67,32.66
ORD_0000303,1,PROD_00027,SELL_0039,2023-03-18 09:34:29,62.77,34.27
ORD_0000304,1,PROD_00171,SELL_0028,2023-03-14 10:13:52,207.92,33.06
ORD_0000305,1,PROD_00027,SELL_0047,2023-12-24 17:44:15,350.11,16.21
ORD_0000306,1,PROD_00065,SELL_0043,2024-09-02 19:29:20,131.65,18.15
ORD_0000307,1,PROD_00022,SELL_0032,2024-02-23 02:38:06,47.24,33.52
ORD_0000307,2,PROD_00150,SELL_0043,2024-02-24 02:38:06,161.12,28.64
ORD_0000307,3,PROD_00027,SELL_0032,2024-02-26 02:38:06,399.0,38.05
ORD_0000308,1,PROD_00145,SELL_0043,2023-08-16 04:56:37,103.32,25.76
ORD_0000309,1,PROD_00028,SELL_0007,2024-04-14 17:18:24,187.34,36.74
ORD_0000310,1,PROD_00196,SELL_0046,2025-03-30 21:19:58,55.34,28.2
ORD_0000311,1,PROD_00101,SELL_0042,2023-01-14 19:32:25,442.24,6.59
ORD_0000312,1,PROD_00147,SELL_0026,2024-12-28 17:52:22,262.44,6.49
ORD_0000312,2,PROD_00191,SELL_0002,2024-12-24 17:52:22,475.47,31.76
ORD_0000313,1,PROD_00007,SELL_0019,2024-12-25 18:25:40,515.5,18.16
ORD_0000314,1,PROD_00187,SELL_0023,2024-05-08 04:12:35,150.57,40.64
ORD_0000314,2,PROD_00089,SELL_0018,2024-05-06 04:12:35,76.95,43.62
ORD_0000315,1,PROD_00084,SELL_0017,2023-10-26 21:08:08,296.59,44.64
ORD_0000315,2,PROD_00054,SELL_0042,2023-10-27 21:08:08,176.37,39.54
ORD_0000316,1,PROD_00193,SELL_0032,2023-05-22 02:08:41,120.85,37.62
ORD_0000316,2,PROD_00086,SELL_0015,2023-05-24 02:08:41,76.84,26.53
ORD_0000317,1,PROD_00026,SELL_0026,2023-07-08 14:32:27,229.83,8.62
ORD_0000317,2,PROD_00160,SELL_0025,2023-07-07 14:32:27,412.84,12.45
ORD_0000318,1,PROD_00182,SELL_0029,2024-08-18 15:54:46,95.1,18.48
ORD_0000319,1,PROD_00044,SELL_0038,2024-07-17 18:23:02,55.19,9.46
ORD_0000319,2,PROD_00130,SELL_0049,2024-07-19 18:23:02,143.04,27.42
ORD_0000320,1,PROD_00102,SELL_0006,2025-01-19 23:33:54,255.02,8.04
ORD_0000321,1,PROD_00170,SELL_0046,2024-09-20 02:15:30,133.3,15.53
ORD_0000321,2,PROD_00137,SELL_0025,2024-09-18 02:15:30,189.82,10.32
ORD_0000322,1,PROD_00189,SELL_0019,2024-09-25 01:57:21,164.77,40.5
ORD_0000322,2,PROD_00146,SELL_0015,2024-09-24 01:57:21,194.44,17.95
ORD_0000323,1,PROD_00063,SELL_0018,2024-04-27 18:46:21,198.58,31.7
ORD_0000323,2,PROD_00127,SELL_0015,2024-04-28 18:46:21,21.84,32.8
ORD_0000324,1,PROD_00113,SELL_0001,2023-11-12 23:50:36,528.88,13.64
ORD_0000324,2,PROD_00063,SELL_0031,2023-11-13 23:50:36,338.14,39.3
ORD_0000325,1,PROD_00142,SELL_0012,2024-08-15 01:42:18,59.92,12.69
ORD_0000326,1,PROD_00161,SELL_0025,2025-03-20 08:16:08,362.26,41.09
ORD_0000327,1,PROD_00094,SELL_0024,2023-04-29 19:11:58,244.96,15.54
ORD_0000328,1,PROD_00061,SELL_0045,2023-07-08 16:55:02,148.46,19.28
ORD_0000328,2,PROD_00083,SELL_0016,2023-07-11 16:55:02,303.08,44.45
ORD_0000328,3,PROD_00149,SELL_0033,2023-07-12 16:55:02,14.66,44.24
ORD_0000329,1,PROD_00081,SELL_0015,2025-04-28 04:53:31,12.86,38.05
ORD_0000330,1,PROD_00180,SELL_0015,2024-08-19 23:53:22,202.37,27.16
ORD_0000331,1,PROD_00014,SELL_0038,2024-04-25 12:30:19,39.52,22.51
ORD_0000332,1,PROD_00044,SELL_0042,2023-09-28 04:33:55,13.1,22.94
ORD_0000333,1,PROD_00123,SELL_0044,2023-11-24 16:43:02,218.88,10.92
ORD_0000333,2,PROD_00017,SELL_0017,2023-11-27 16:43:02,239.36,16.04
ORD_0000334,1,PROD_00154,SELL_0009,2024-11-03 08:21:17,255.59,33.17
ORD_0000335,1,PROD_00116,SELL_0020,2024-02-09 14:49:43,234.13,32.89
ORD_0000336,1,PROD_00131,SELL_0035,2023-07-11 10:35:00,75.97,10.77
ORD_0000337,1,PROD_00002,SELL_0049,2023-04-15 16:06:43,243.16,7.12
ORD_0000338,1,PROD_00199,SELL_0034,2023-03-05 19:42:57,342.41,29.55
ORD_0000339,1,PROD_00188,SELL_0050,2024-12-29 03:05:54,93.96,44.19
ORD_0000339,2,PROD_00047,SELL_0047,2024-12-28 03:05:54,15.6,42.15
ORD_0000340,1,PROD_00025,SELL_0044,2023-07-13 08:18:29,171.11,27.96
ORD_0000341,1,PROD_00098,SELL_0022,2023-10-14 13:44:57,129.91,10.54
ORD_0000341,2,PROD_00025,SELL_0028,2023-10-15 13:44:57,66.35,12.1
ORD_0000342,1,PROD_00048,SELL_0023,2023-03-12 12:24:21,76.22,13.02
ORD_0000343,1,PROD_00087,SELL_0017,2023-03-15 15:59:12,73.24,8.76
ORD_0000344,1,PROD_00016,SELL_0024,2024-09-22 20:06:58,78.65,7.37
ORD_0000344,2,PROD_00044,SELL_0001,2024-09-22 20:06:58,10.24,44.41
ORD_0000345,1,PROD_00079,SELL_0037,2023-03-18 18:46:16,32.6,41.21
ORD_0000346,1,PROD_00045,SELL_0012,2024-02-10 08:09:44,110.47,29.83
ORD_0000346,2,PROD_00056,SELL_0044,2024-02-07 08:09:44,244.31,8.88
ORD_0000347,1,PROD_00147,SELL_0050,2024-06-14 22:49:31,73.66,22.63
ORD_0000348,1,PROD_00114,SELL_0035,2024-08-05 17:59:22,34.56,6.55
ORD_0000349,1,PROD_00080,SELL_0044,2024-10-27 02:23:34,656.15,9.31
ORD_0000349,2,PROD_00152,SELL_0032,2024-10-27 02:23:34,429.24,41.01
ORD_0000350,1,PROD_00157,SELL_0043,2024-07-27 01:24:42,323.2,42.51
ORD_0000351,1,PROD_00115,SELL_0005,2024-12-10 11:31:05,756.89,31.75
ORD_0000351,2,PROD_00064,SELL_0032,2024-12-09 11:31:05,79.48,14.58
ORD_0000352,1,PROD_00011,SELL_0031,2024-05-22 12:04:50,60.16,41.66
ORD_0000352,2,PROD_00182,SELL_0034,2024-05-17 12:04:50,139.51,28.65
ORD_0000353,1,PROD_00083,SELL_0045,2025-04-17 14:01:02,320.48,27.52
ORD_0000354,1,PROD_00194,SELL_0021,2024-06-22 14:43:55,45.98,13.04
ORD_0000355,1,PROD_00051,SELL_0026,2023-03-20 01:47:09,160.62,30.05
ORD_0000356,1,PROD_00126,SELL_0036,2024-10-31 04:00:11,13.34,9.17
ORD_0000357,1,PROD_00079,SELL_0019,2024-09-24 05:53:37,161.84,36.45
ORD_0000358,1,PROD_00136,SELL_0006,2023-03-10 06:27:21,167.94,12.52
ORD_0000359,1,PROD_00192,SELL_0042,2024-12-05 18:34:08,181.05,26.71
ORD_0000359,2,PROD_00190,SELL_0020,2024-12-06 18:34:08,47.74,6.12
ORD_0000360,1,PROD_00138,SELL_0028,2023-05-11 08:09:48,70.38,38.02
ORD_0000361,1,PROD_00046,SELL_0003,2024-03-28 07:59:37,98.94,32.25
ORD_0000362,1,PROD_00048,SELL_0005,2023-01-14 00:11:59,224.7,33.5
ORD_0000363,1,PROD_00053,SELL_0003,2024-12-16 15:44:08,109.24,29.52
ORD_0000364,1,PROD_00177,SELL_0016,2024-12-16 01:38:11,119.57,16.62
ORD_0000365,1,PROD_00085,SELL_0015,2025-03-16 09:22:26,59.19,44.48
ORD_0000365,2,PROD_00103,SELL_0016,2025-03-18 09:22:26,10.33,10.67
ORD_0000366,1,PROD_00109,SELL_0041,2024-01-10 17:32:14,56.03,33.41
ORD_0000367,1,PROD_00168,SELL_0045,2023-07-20 03:50:09,373.58,15.9
ORD_0000368,1,PROD_00106,SELL_0013,2024-10-27 11:18:13,77.23,38.71
ORD_0000369,1,PROD_00003,SELL_0045,2023-04-22 23:03:59,195.43,20.82
ORD_0000370,1,PROD_00177,SELL_0008,2024-04-03 18:37:20,201.69,30.5
ORD_0000371,1,PROD_00126,SELL_0011,2023-04-30 10:14:06,19.31,26.48
ORD_0000371,2,PROD_00066,SELL_0045,2023-04-28 10:14:06,57.68,33.6
ORD_0000371,3,PROD_00073,SELL_0037,2023-04-27 10:14:06,194.65,16.39
ORD_0000372,1,PROD_00031,SELL_0013,2024-05-13 01:56:27,209.55,40.42
ORD_0000373,1,PROD_00128,SELL_0003,2024-02-06 11:08:29,20.06,25.73
ORD_0000374,1,PROD_00029,SELL_0012,2024-12-11 18:03:17,91.6,38.32
ORD_0000375,1,PROD_00018,SELL_0029,2023-07-02 10:14:56,23.13,29.61
ORD_0000375,2,PROD_00037,SELL_0043,2023-07-01 10:14:56,118.88,35.77
ORD_0000376,1,PROD_00049,SELL_0003,2023-08-30 02:26:54,470.39,34.0
ORD_0000376,2,PROD_00004,SELL_0017,2023-08-27 02:26:54,237.92,18.65
ORD_0000377,1,PROD_00052,SELL_0025,2024-04-21 08:00:46,272.44,7.26
ORD_0000378,1,PROD_00130,SELL_0013,2024-09-01 04:58:36,22.09,12.36
ORD_0000378,2,PROD_00169,SELL_0029,2024-08-30 04:58:36,585.31,6.01
ORD_0000378,3,PROD_00063,SELL_0011,2024-08-31 04:58:36,216.56,16.51
ORD_0000379,1,PROD_00082,SELL_0027,2025-01-27 16:02:27,35.88,32.39
ORD_0000380,1,PROD_00159,SELL_0021,2023-01-17 22:46:26,59.04,33.96
ORD_0000381,1,PROD_00027,SELL_0001,2023-04-09 00:30:42,283.2,5.24
ORD_0000382,1,PROD_00100,SELL_0015,2024-04-17 14:49:08,47.97,9.79
ORD_0000383,1,PROD_00140,SELL_0031,2024-12-27 20:00:55,55.48,30.95
ORD_0000384,1,PROD_00073,SELL_0048,2024-09-22 17:36:50,244.68,20.47
ORD_0000385,1,PROD_00157,SELL_0041,2023-12-15 23:59:03,98.76,44.21
ORD_0000386,1,PROD_00040,SELL_0015,2024-01-13 14:39:02,238.03,40.18
ORD_0000387,1,PROD_00188,SELL_0017,2024-12-30 06:08:21,86.25,43.69
ORD_0000388,1,PROD_00006,SELL_0003,2025-02-06 07:20:22,86.24,16.99
ORD_0000389,1,PROD_00139,SELL_0009,2023-03-13 11:22:28,516.94,44.5
ORD_0000390,1,PROD_00104,SELL_0047,2023-11-01 14:39:23,180.03,21.71
ORD_0000391,1,PROD_00100,SELL_0043,2024-04-18 02:05:25,32.1,18.51
ORD_0000392,1,PROD_00136,SELL_0013,2023-06-10 06:33:40,49.12,13.68
ORD_0000393,1,PROD_00187,SELL_0030,2023-12-28 13:28:47,206.31,29.76
ORD_0000394,1,PROD_00105,SELL_0026,2024-06-19 20:21:26,81.22,17.28
ORD_0000394,2,PROD_00121,SELL_0020,2024-06-22 20:21:26,13.65,31.09
ORD_0000395,1,PROD_00052,SELL_0011,2024-11-19 22:33:53,80.81,27.07
ORD_0000396,1,PROD_00133,SELL_0002,2025-03-26 08:14:30,37.38,42.73
ORD_0000397,1,PROD_00146,SELL_0048,2024-01-04 09:29:10,136.73,15.93
ORD_0000398,1,PROD_00040,SELL_0013,2024-12-29 22:57:42,327.79,28.0
ORD_0000399,1,PROD_00120,SELL_0049,2024-08-16 04:28:16,88.8,34.54
ORD_0000400,1,PROD_00196,SELL_0003,2024-01-24 14:34:10,126.34,34.41
ORD_0000401,1,PROD_00017,SELL_0004,2024-05-30 04:29:59,35.15,5.35
ORD_0000402,1,PROD_00081,SELL_0048,2023-10-27 18:42:09,74.87,19.27
ORD_0000402,2,PROD_00055,SELL_0040,2023-10-28 18:42:09,232.6,7.64
ORD_0000403,1,PROD_00115,SELL_0019,2023-04-30 23:30:57,395.82,33.14
ORD_0000404,1,PROD_00144,SELL_0011,2023-08-19 14:22:05,129.49,40.22
ORD_0000405,1,PROD_00159,SELL_0041,2023-08-21 08:12:01,35.73,27.47
ORD_0000406,1,PROD_00072,SELL_0008,2023-07-26 15:20:38,128.84,41.15
ORD_0000407,1,PROD_00114,SELL_0025,2024-02-17 04:45:54,66.59,6.58
ORD_0000407,2,PROD_00098,SELL_0038,2024-02-19 04:45:54,93.69,35.69
ORD_0000407,3,PROD_00093,SELL_0012,2024-02-17 04:45:54,233.77,28.4
ORD_0000408,1,PROD_00126,SELL_0022,2024-07-30 02:13:46,142.52,27.67
ORD_0000408,2,PROD_00095,SELL_0020,2024-08-04 02:13:46,11.58,10.4
ORD_0000409,1,PROD_00039,SELL_0043,2023-06-20 23:57:27,62.17,42.4
ORD_0000410,1,PROD_00083,SELL_0006,2023-08-05 09:30:55,112.94,36.71
ORD_0000410,2,PROD_00155,SELL_0040,2023-08-07 09:30:55,393.76,24.79
ORD_0000410,3,PROD_00107,SELL_0017,2023-08-04 09:30:55,347.22,19.61
ORD_0000411,1,PROD_00134,SELL_0021,2024-08-30 12:05:00,164.21,5.94
ORD_0000412,1,PROD_00062,SELL_0028,2023-05-25 06:11:53,286.2,15.52
ORD_0000413,1,PROD_00192,SELL_0043,2025-04-28 09:53:37,199.07,31.27
ORD_0000414,1,PROD_00009,SELL_0040,2023-11-06 20:53:40,82.71,44.13
ORD_0000415,1,PROD_00005,SELL_0031,2024-05-23 22:41:15,23.74,12.99
ORD_0000415,2,PROD_00100,SELL_0045,2024-05-23 22:41:15,9.87,31.88
ORD_0000416,1,PROD_00132,SELL_0027,2024-01-13 18:30:36,155.85,36.36
ORD_0000417,1,PROD_00089,SELL_0032,2024-06-12 23:36:01,146.63,27.1
ORD_0000418,1,PROD_00116,SELL_0043,2023-06-21 01:17:23,645.17,8.39
ORD_0000419,1,PROD_00030,SELL_0049,2023-10-28 16:40:59,28.74,10.14
ORD_0000419,2,PROD_00063,SELL_0010,2023-11-01 16:40:59,39.93,19.94
ORD_0000420,1,PROD_00200,SELL_0047,2023-11-29 10:52:54,88.94,8.02
ORD_0000420,2,PROD_00189,SELL_0040,2023-11-29 10:52:54,163.33,39.81
ORD_0000421,1,PROD_00161,SELL_0041,2024-12-09 11:06:34,580.76,43.76
ORD_0000422,1,PROD_00028,SELL_0009,2024-05-14 13:21:58,193.46,7.25
ORD_0000422,2,PROD_00191,SELL_0046,2024-05-13 13:21:58,558.87,12.42
ORD_0000423,1,PROD_00176,SELL_0006,2023-07-17 17:39:44,54.28,7.0
ORD_0000424,1,PROD_00136,SELL_0046,2023-03-25 03:52:08,46.6,37.7
ORD_0000425,1,PROD_00048,SELL_0038,2025-04-18 14:56:38,125.26,34.26
ORD_0000426,1,PROD_00130,SELL_0013,2023-05-16 22:09:44,11.2,12.03
ORD_0000427,1,PROD_00139,SELL_0008,2024-03-18 22:48:50,362.24,12.57
ORD_0000428,1,PROD_00049,SELL_0015,2025-03-26 21:32:37,144.75,17.86
ORD_0000428,2,PROD_00102,SELL_0039,2025-03-28 21:32:37,261.41,28.69
ORD_0000429,1,PROD_00074,SELL_0023,2023-11-12 21:00:48,51.47,15.04
ORD_0000430,1,PROD_00002,SELL_0017,2023-12-30 00:05:09,168.89,43.73
ORD_0000431,1,PROD_00017,SELL_0047,2023-12-29 05:54:32,29.48,24.76
ORD_0000431,2,PROD_00159,SELL_0044,2024-01-03 05:54:32,61.67,22.2
ORD_0000432,1,PROD_00191,SELL_0050,2023-01-19 16:13:45,417.72,17.74
ORD_0000433,1,PROD_00156,SELL_0017,2025-02-18 17:00:46,138.86,7.64
ORD_0000434,1,PROD_00116,SELL_0024,2024-12-20 18:11:28,266.73,37.44
ORD_0000434,2,PROD_00077,SELL_0048,2024-12-18 18:11:28,116.88,17.54
ORD_0000435,1,PROD_00044,SELL_0030,2024-01-04 12:27:13,15.98,19.12
ORD_0000436,1,PROD_00104,SELL_0029,2024-06-19 04:31:48,196.18,40.96
ORD_0000437,1,PROD_00193,SELL_0009,2023-12-06 15:07:24,131.03,42.99
ORD_0000438,1,PROD_00162,SELL_0028,2024-02-29 09:54:27,16.2,19.63
ORD_0000439,1,PROD_00039,SELL_0007,2023-07-05 00:43:31,245.32,12.36
ORD_0000439,2,PROD_00101,SELL_0013,2023-07-05 00:43:31,304.48,15.84
ORD_0000439,3,PROD_00128,SELL_0036,2023-07-07 00:43:31,34.42,17.14
ORD_0000440,1,PROD_00125,SELL_0028,2024-02-12 12:44:37,250.59,24.97
ORD_0000441,1,PROD_00171,SELL_0005,2023-07-27 10:12:38,42.71,43.46
ORD_0000442,1,PROD_00156,SELL_0032,2023-10-10 20:25:22,64.97,14.41
ORD_0000442,2,PROD_00107,SELL_0041,2023-10-10 20:25:22,179.32,43.27
ORD_0000443,1,PROD_00080,SELL_0008,2023-10-19 04:49:29,486.74,22.16
ORD_0000444,1,PROD_00073,SELL_0045,2023-04-15 23:03:53,129.27,19.93
ORD_0000445,1,PROD_00122,SELL_0027,2024-09-14 21:20:09,53.36,22.88
ORD_0000446,1,PROD_00084,SELL_0021,2024-05-26 14:12:18,425.44,41.41
ORD_0000447,1,PROD_00122,SELL_0037,2023-12-22 17:34:01,321.12,27.2
ORD_0000447,2,PROD_00179,SELL_0021,2023-12-25 17:34:01,80.12,10.09
ORD_0000447,3,PROD_00147,SELL_0038,2023-12-24 17:34:01,292.06,14.16
ORD_0000448,1,PROD_00064,SELL_0002,2024-01-25 14:29:02,102.83,23.79
ORD_0000449,1,PROD_00025,SELL_0021,2024-03-19 04:19:45,78.38,10.93
ORD_0000450,1,PROD_00119,SELL_0047,2024-07-10 18:30:30,377.46,40.64
ORD_0000451,1,PROD_00100,SELL_0018,2023-10-04 15:37:24,48.43,36.65
ORD_0000452,1,PROD_00200,SELL_0041,2024-01-13 11:51:47,73.05,14.86
ORD_0000453,1,PROD_00159,SELL_0018,2024-03-18 11:22:26,41.19,10.84
ORD_0000454,1,PROD_00081,SELL_0042,2024-12-08 02:55:19,50.36,26.45
ORD_0000455,1,PROD_00153,SELL_0004,2023-02-15 14:42:55,189.42,16.82
ORD_0000455,2,PROD_00050,SELL_0016,2023-02-13 14:42:55,333.16,25.17
ORD_0000455,3,PROD_00109,SELL_0020,2023-02-12 14:42:55,57.55,39.11
ORD_0000456,1,PROD_00076,SELL_0049,2023-11-26 12:36:24,31.95,31.07
ORD_0000457,1,PROD_00120,SELL_0029,2024-11-29 06:21:31,237.22,44.72
ORD_0000458,1,PROD_00041,SELL_0007,2024-05-27 20:54:50,249.72,35.34
ORD_0000459,1,PROD_00051,SELL_0011,2023-10-05 01:19:36,359.02,23.13
ORD_0000460,1,PROD_00005,SELL_0036,2024-09-03 10:17:04,14.44,39.71
ORD_0000461,1,PROD_00081,SELL_0002,2023-12-29 02:41:52,67.39,20.0
ORD_0000462,1,PROD_00083,SELL_0049,2024-02-18 08:39:32,147.51,18.06
ORD_0000463,1,PROD_00083,SELL_0033,2023-01-22 20:45:33,204.48,27.74
ORD_0000464,1,PROD_00183,SELL_0005,2024-10-18 17:51:39,114.01,7.56
ORD_0000464,2,PROD_00039,SELL_0046,2024-10-18 17:51:39,58.86,11.54
ORD_0000465,1,PROD_00093,SELL_0027,2024-06-22 06:23:29,243.5,18.53
ORD_0000466,1,PROD_00127,SELL_0027,2023-08-04 13:17:52,35.04,7.49
ORD_0000466,2,PROD_00102,SELL_0006,2023-07-31 13:17:52,283.94,26.92
ORD_0000467,1,PROD_00030,SELL_0015,2023-09-02 12:15:07,309.85,39.75
ORD_0000468,1,PROD_00175,SELL_0045,2024-03-25 13:41:57,352.3,7.1
ORD_0000469,1,PROD_00011,SELL_0010,2023-09-25 08:42:35,40.66,14.31
ORD_0000470,1,PROD_00083,SELL_0026,2023-03-29 10:38:19,144.82,30.37
ORD_0000471,1,PROD_00075,SELL_0045,2024-01-13 21:42:56,207.05,31.79
ORD_0000472,1,PROD_00011,SELL_0015,2023-05-10 16:42:53,38.02,6.44
ORD_0000473,1,PROD_00090,SELL_0024,2024-05-29 02:15:38,218.0,28.26
ORD_0000474,1,PROD_00043,SELL_0001,2025-02-12 23:15:59,34.79,11.09
ORD_0000474,2,PROD_00191,SELL_0024,2025-02-11 23:15:59,388.76,15.63
ORD_0000475,1,PROD_00052,SELL_0013,2023-10-13 14:26:16,231.17,15.25
ORD_0000476,1,PROD_00101,SELL_0002,2024-03-14 15:43:15,106.73,16.42
ORD_0000476,2,PROD_00155,SELL_0050,2024-03-14 15:43:15,387.74,31.87
ORD_0000477,1,PROD_00029,SELL_0048,2025-01-05 11:52:19,28.96,37.19
ORD_0000478,1,PROD_00146,SELL_0045,2025-03-25 21:15:16,149.78,16.94
ORD_0000479,1,PROD_00152,SELL_0004,2024-07-08 07:54:28,659.75,19.44
ORD_0000480,1,PROD_00146,SELL_0014,2025-04-28 07:19:13,179.14,38.74
ORD_0000481,1,PROD_00004,SELL_0022,2025-04-14 20:26:50,65.86,12.24
ORD_0000482,1,PROD_00185,SELL_0026,2024-03-04 10:45:27,287.29,18.09
ORD_0000483,1,PROD_00126,SELL_0043,2023-12-30 13:38:46,77.22,28.87
ORD_0000483,2,PROD_00020,SELL_0002,2024-01-02 13:38:46,315.86,40.38
ORD_0000484,1,PROD_00003,SELL_0020,2023-07-13 20:28:50,285.1,42.21
ORD_0000485,1,PROD_00146,SELL_0024,2023-11-12 10:36:05,192.63,8.89
ORD_0000486,1,PROD_00109,SELL_0018,2023-05-19 19:43:26,60.64,19.91
ORD_0000487,1,PROD_00077,SELL_0020,2024-12-07 18:52:20,117.86,40.94
ORD_0000488,1,PROD_00053,SELL_0044,2024-08-09 07:01:01,34.85,30.47
ORD_0000489,1,PROD_00122,SELL_0047,2024-04-21 06:16:44,94.6,9.5
ORD_0000489,2,PROD_00117,SELL_0036,2024-04-22 06:16:44,158.52,28.19
ORD_0000490,1,PROD_00180,SELL_0045,2024-01-15 05:36:07,179.89,7.53
ORD_0000491,1,PROD_00102,SELL_0032,2024-11-25 15:07:14,277.65,6.2
ORD_0000492,1,PROD_00106,SELL_0003,2023-08-07 19:13:52,43.88,5.53
ORD_0000492,2,PROD_00017,SELL_0046,2023-08-04 19:13:52,240.47,40.06
ORD_0000493,1,PROD_00052,SELL_0018,2024-02-26 04:01:18,244.54,5.98
ORD_0000493,2,PROD_00061,SELL_0042,2024-02-25 04:01:18,285.18,37.41
ORD_0000494,1,PROD_00112,SELL_0015,2024-04-21 02:00:30,107.23,33.12
ORD_0000494,2,PROD_00191,SELL_0039,2024-04-18 02:00:30,66.48,19.56
ORD_0000495,1,PROD_00121,SELL_0024,2025-01-07 12:45:27,36.32,19.93
ORD_0000496,1,PROD_00038,SELL_0027,2023-09-01 15:58:22,24.68,30.57
ORD_0000497,1,PROD_00096,SELL_0019,2025-02-08 01:00:16,244.39,18.9
ORD_0000498,1,PROD_00193,SELL_0027,2024-07-30 01:37:11,269.59,32.03
ORD_0000498,2,PROD_00111,SELL_0009,2024-07-30 01:37:11,96.56,15.13
ORD_0000499,1,PROD_00166,SELL_0044,2024-04-27 04:05:20,301.27,35.15
ORD_0000499,2,PROD_00011,SELL_0041,2024-04-27 04:05:20,58.08,41.73
ORD_0000499,3,PROD_00154,SELL_0048,2024-04-27 04:05:20,183.99,30.31
ORD_0000500,1,PROD_00147,SELL_0014,2023-10-22 23:23:59,63.37,37.65
ORD_0000500,2,PROD_00102,SELL_0008,2023-10-21 23:23:59,51.06,21.76
ORD_0000501,1,PROD_00134,SELL_0036,2025-02-25 08:33:20,32.13,5.16
ORD_0000502,1,PROD_00190,SELL_0022,2024-11-09 20:51:28,113.91,33.39
ORD_0000502,2,PROD_00030,SELL_0024,2024-11-10 20:51:28,143.69,38.46
ORD_0000502,3,PROD_00102,SELL_0015,2024-11-10 20:51:28,218.79,37.77
ORD_0000503,1,PROD_00105,SELL_0015,2023-02-13 15:16:10,140.68,44.52
ORD_0000504,1,PROD_00040,SELL_0013,2024-01-08 22:35:31,420.49,40.81
ORD_0000505,1,PROD_00130,SELL_0005,2023-04-13 06:55:18,161.99,24.81
ORD_0000506,1,PROD_00062,SELL_0014,2023-08-12 18:00:33,307.2,17.11
ORD_0000506,2,PROD_00164,SELL_0002,2023-08-08 18:00:33,51.56,37.58
ORD_0000506,3,PROD_00008,SELL_0050,2023-08-13 18:00:33,132.4,13.28
ORD_0000507,1,PROD_00065,SELL_0023,2024-06-01 21:06:56,95.99,9.76
ORD_0000508,1,PROD_00179,SELL_0024,2023-12-01 04:01:05,215.18,18.73
ORD_0000509,1,PROD_00159,SELL_0040,2023-10-09 19:42:00,49.23,24.14
ORD_0000510,1,PROD_00126,SELL_0023,2025-01-21 23:58:51,146.78,25.0
ORD_0000511,1,PROD_00122,SELL_0035,2023-11-29 01:47:04,348.63,20.35
ORD_0000512,1,PROD_00151,SELL_0044,2025-03-05 12:05:01,222.78,19.04
ORD_0000513,1,PROD_00098,SELL_0006,2025-02-14 20:09:07,21.38,24.5
ORD_0000513,2,PROD_00065,SELL_0047,2025-02-16 20:09:07,113.31,8.32
ORD_0000513,3,PROD_00162,SELL_0048,2025-02-13 20:09:07,74.17,23.19
ORD_0000514,1,PROD_00121,SELL_0050,2023-05-22 11:42:06,9.79,17.39
ORD_0000515,1,PROD_00056,SELL_0044,2024-02-05 15:17:36,159.22,8.8
ORD_0000515,2,PROD_00152,SELL_0033,2024-02-07 15:17:36,694.29,36.23
ORD_0000516,1,PROD_00047,SELL_0025,2024-03-18 02:02:32,98.0,32.89
ORD_0000517,1,PROD_00013,SELL_0034,2024-10-30 21:45:09,90.9,9.71
ORD_0000518,1,PROD_00116,SELL_0019,2025-04-06 15:19:09,223.04,11.51
ORD_0000519,1,PROD_00029,SELL_0005,2024-03-16 09:36:03,245.08,43.74
ORD_0000520,1,PROD_00064,SELL_0042,2024-04-23 21:46:36,11.08,36.03
ORD_0000521,1,PROD_00012,SELL_0044,2024-06-05 00:07:47,67.43,13.94
ORD_0000521,2,PROD_00127,SELL_0045,2024-06-01 00:07:47,22.15,22.79
ORD_0000522,1,PROD_00036,SELL_0039,2024-12-28 09:20:37,78.84,44.15
ORD_0000523,1,PROD_00128,SELL_0002,2023-10-06 10:58:55,32.5,32.96
ORD_0000524,1,PROD_00178,SELL_0027,2024-03-25 17:01:00,273.59,26.74
ORD_0000525,1,PROD_00112,SELL_0005,2024-04-18 22:25:55,106.95,21.89
ORD_0000526,1,PROD_00171,SELL_0016,2024-09-26 11:44:43,155.9,21.05
ORD_0000527,1,PROD_00042,SELL_0013,2023-05-24 00:12:07,83.3,12.47
ORD_0000528,1,PROD_00140,SELL_0005,2024-11-03 07:27:53,199.19,15.52
ORD_0000529,1,PROD_00106,SELL_0013,2023-11-08 14:09:30,34.12,6.59
ORD_0000530,1,PROD_00192,SELL_0004,2024-05-17 15:01:55,143.28,5.45
ORD_0000531,1,PROD_00029,SELL_0034,2025-05-01 12:03:21,190.73,15.64
ORD_0000531,2,PROD_00078,SELL_0016,2025-05-04 12:03:21,619.26,10.48
ORD_0000532,1,PROD_00049,SELL_0014,2025-01-20 17:18:02,411.86,24.13
ORD_0000532,2,PROD_00045,SELL_0035,2025-01-20 17:18:02,206.17,30.34
ORD_0000533,1,PROD_00033,SELL_0049,2024-09-20 21:57:52,690.54,10.82
ORD_0000534,1,PROD_00019,SELL_0049,2023-03-12 08:57:41,357.05,14.88
ORD_0000535,1,PROD_00093,SELL_0027,2024-10-25 11:28:44,235.34,38.12
ORD_0000535,2,PROD_00193,SELL_0050,2024-10-28 11:28:44,143.76,39.83
ORD_0000536,1,PROD_00172,SELL_0029,2024-06-09 07:37:58,224.79,19.95
ORD_0000537,1,PROD_00058,SELL_0040,2023-05-21 09:46:45,152.24,10.09
ORD_0000537,2,PROD_00105,SELL_0011,2023-05-18 09:46:45,132.75,35.22
ORD_0000538,1,PROD_00074,SELL_0039,2024-04-30 05:39:13,104.46,8.0
ORD_0000539,1,PROD_00144,SELL_0010,2023-05-20 05:12:10,87.51,40.67
ORD_0000540,1,PROD_00072,SELL_0022,2024-07-28 01:01:22,79.89,23.58
ORD_0000541,1,PROD_00155,SELL_0031,2024-06-05 01:51:04,144.29,17.33
ORD_0000541,2,PROD_00125,SELL_0045,2024-06-05 01:51:04,166.72,39.85
ORD_0000542,1,PROD_00175,SELL_0037,2023-12-18 11:49:02,378.91,31.44
ORD_0000543,1,PROD_00024,SELL_0035,2024-11-22 03:45:03,129.08,44.01
ORD_0000544,1,PROD_00017,SELL_0018,2023-04-19 17:02:32,74.12,15.73
ORD_0000545,1,PROD_00059,SELL_0016,2024-01-12 05:46:18,53.83,41.23
ORD_0000546,1,PROD_00079,SELL_0044,2024-01-13 10:52:08,77.76,18.4
ORD_0000547,1,PROD_00154,SELL_0050,2025-03-04 00:15:53,223.45,31.36
ORD_0000548,1,PROD_00036,SELL_0013,2024-10-13 21:15:09,326.83,32.53
ORD_0000548,2,PROD_00176,SELL_0021,2024-10-09 21:15:09,78.68,26.71
ORD_0000549,1,PROD_00149,SELL_0047,2024-03-19 13:58:26,44.01,9.69
ORD_0000549,2,PROD_00164,SELL_0041,2024-03-19 13:58:26,92.93,28.93
ORD_0000550,1,PROD_00166,SELL_0026,2023-06-04 00:45:51,493.36,20.0
ORD_0000551,1,PROD_00146,SELL_0017,2023-11-25 12:49:10,97.23,18.66
ORD_0000551,2,PROD_00019,SELL_0036,2023-11-24 12:49:10,181.42,43.66
ORD_0000552,1,PROD_00049,SELL_0032,2024-10-13 22:51:42,494.72,15.19
ORD_0000553,1,PROD_00141,SELL_0037,2024-12-03 22:35:55,300.12,16.08
ORD_0000553,2,PROD_00051,SELL_0041,2024-12-03 22:35:55,147.54,44.26
ORD_0000553,3,PROD_00153,SELL_0021,2024-11-30 22:35:55,50.26,22.49
ORD_0000554,1,PROD_00032,SELL_0004,2024-06-26 19:58:09,32.1,37.05
ORD_0000555,1,PROD_00072,SELL_0009,2025-03-20 19:41:28,32.73,26.41
ORD_0000555,2,PROD_00191,SELL_0043,2025-03-24 19:41:28,424.57,13.2
ORD_0000556,1,PROD_00029,SELL_0018,2024-07-08 10:24:46,128.1,29.97
ORD_0000557,1,PROD_00060,SELL_0049,2023-10-22 06:05:32,19.46,29.15
ORD_0000558,1,PROD_00091,SELL_0036,2025-04-01 17:37:16,423.57,11.07
ORD_0000558,2,PROD_00082,SELL_0025,2025-03-29 17:37:16,233.46,11.87
ORD_0000558,3,PROD_00139,SELL_0006,2025-04-01 17:37:16,385.13,43.18
ORD_0000559,1,PROD_00070,SELL_0016,2023-04-29 23:03:53,653.35,9.98
ORD_0000559,2,PROD_00057,SELL_0012,2023-04-27 23:03:53,43.88,29.38
ORD_0000560,1,PROD_00001,SELL_0038,2023-05-14 14:19:36,94.99,17.34
ORD_0000561,1,PROD_00115,SELL_0006,2025-02-07 18:36:45,194.31,9.01
ORD_0000561,2,PROD_00183,SELL_0025,2025-02-08 18:36:45,324.79,11.02
ORD_0000562,1,PROD_00006,SELL_0044,2025-04-19 22:36:43,104.31,15.87
ORD_0000562,2,PROD_00112,SELL_0021,2025-04-16 22:36:43,145.28,25.96
ORD_0000563,1,PROD_00158,SELL_0014,2023-12-06 16:37:12,173.52,22.69
ORD_0000564,1,PROD_00020,SELL_0025,2023-03-08 13:56:08,308.46,32.96
ORD_0000565,1,PROD_00054,SELL_0018,2024-06-25 12:37:35,81.02,19.13
ORD_0000565,2,PROD_00184,SELL_0039,2024-06-27 12:37:35,83.31,14.24
ORD_0000566,1,PROD_00176,SELL_0045,2024-05-18 23:26:52,187.7,14.76
ORD_0000566,2,PROD_00116,SELL_0037,2024-05-20 23:26:52,506.32,5.88
ORD_0000566,3,PROD_00093,SELL_0047,2024-05-21 23:26:52,104.53,24.64
ORD_0000567,1,PROD_00023,SELL_0018,2024-04-17 04:45:32,37.8,18.93
ORD_0000567,2,PROD_00067,SELL_0038,2024-04-20 04:45:32,93.96,11.74
ORD_0000567,3,PROD_00133,SELL_0003,2024-04-18 04:45:32,49.93,37.41
ORD_0000568,1,PROD_00195,SELL_0011,2024-07-28 11:58:07,19.89,33.28
ORD_0000569,1,PROD_00142,SELL_0017,2024-08-13 09:02:33,10.6,8.17
ORD_0000570,1,PROD_00037,SELL_0012,2025-03-24 04:09:50,216.75,16.14
ORD_0000571,1,PROD_00043,SELL_0006,2023-07-13 23:31:00,44.04,14.27
ORD_0000572,1,PROD_00168,SELL_0048,2024-08-05 14:57:21,395.89,39.87
ORD_0000573,1,PROD_00121,SELL_0016,2023-05-24 16:40:29,56.98,40.8
ORD_0000574,1,PROD_00051,SELL_0050,2024-10-02 13:24:14,309.26,8.08
ORD_0000574,2,PROD_00069,SELL_0008,2024-10-05 13:24:14,66.3,12.15
ORD_0000575,1,PROD_00095,SELL_0012,2024-04-01 23:17:41,45.61,11.11
ORD_0000576,1,PROD_00084,SELL_0033,2024-10-24 03:41:35,519.03,35.65
ORD_0000576,2,PROD_00129,SELL_0009,2024-10-25 03:41:35,322.53,7.27
ORD_0000577,1,PROD_00040,SELL_0039,2025-02-18 01:36:33,426.34,14.68
ORD_0000578,1,PROD_00072,SELL_0046,2023-01-22 08:50:13,91.3,23.2
ORD_0000579,1,PROD_00042,SELL_0005,2025-04-11 17:38:20,457.09,35.18
ORD_0000579,2,PROD_00035,SELL_0032,2025-04-13 17:38:20,5.04,23.43
ORD_0000580,1,PROD_00141,SELL_0034,2024-03-05 00:55:33,279.91,21.16
ORD_0000580,2,PROD_00166,SELL_0039,2024-03-06 00:55:33,568.24,19.16
ORD_0000581,1,PROD_00192,SELL_0027,2024-07-11 05:18:09,86.99,15.06
ORD_0000581,2,PROD_00129,SELL_0003,2024-07-11 05:18:09,520.44,10.05
ORD_0000582,1,PROD_00095,SELL_0027,2023-03-07 19:20:11,51.78,9.62
ORD_0000583,1,PROD_00096,SELL_0049,2023-11-26 04:26:57,31.46,24.49
ORD_0000584,1,PROD_00199,SELL_0038,2023-09-07 15:32:48,228.88,10.89
ORD_0000585,1,PROD_00078,SELL_0015,2023-11-27 14:35:26,292.54,10.69
ORD_0000586,1,PROD_00103,SELL_0014,2024-07-26 18:43:06,32.25,23.61
ORD_0000587,1,PROD_00014,SELL_0041,2024-02-23 14:05:54,23.4,10.82
ORD_0000588,1,PROD_00014,SELL_0042,2024-03-14 17:28:02,31.29,41.38
ORD_0000589,1,PROD_00076,SELL_0031,2023-06-23 00:03:59,122.56,25.5
ORD_0000590,1,PROD_00123,SELL_0020,2024-10-15 06:37:53,30.92,18.26
ORD_0000590,2,PROD_00043,SELL_0048,2024-10-16 06:37:53,5.83,9.05
ORD_0000590,3,PROD_00144,SELL_0014,2024-10-16 06:37:53,190.98,5.99
ORD_0000591,1,PROD_00007,SELL_0040,2023-03-18 09:05:25,375.24,18.36
ORD_0000592,1,PROD_00084,SELL_0034,2024-09-23 16:51:20,199.56,7.04
ORD_0000593,1,PROD_00113,SELL_0033,2025-02-11 22:28:17,614.04,22.34
ORD_0000594,1,PROD_00141,SELL_0005,2023-01-20 22:08:41,369.76,27.65
ORD_0000595,1,PROD_00097,SELL_0047,2023-07-04 13:35:57,115.79,33.57
ORD_0000595,2,PROD_00163,SELL_0013,2023-06-29 13:35:57,47.39,10.69
ORD_0000595,3,PROD_00158,SELL_0003,2023-06-29 13:35:57,172.04,20.78
ORD_0000596,1,PROD_00035,SELL_0027,2023-03-24 17:01:57,19.59,27.77
ORD_0000597,1,PROD_00146,SELL_0001,2025-04-14 12:52:38,58.48,41.64
ORD_0000598,1,PROD_00010,SELL_0005,2023-01-13 07:47:01,204.22,24.31
ORD_0000599,1,PROD_00043,SELL_0006,2025-04-22 19:40:19,74.36,24.74
ORD_0000600,1,PROD_00088,SELL_0031,2024-12-25 22:38:13,159.95,44.18
ORD_0000601,1,PROD_00141,SELL_0022,2023-10-19 18:32:31,446.8,37.58
ORD_0000602,1,PROD_00135,SELL_0046,2024-08-31 04:47:04,94.69,32.28
ORD_0000603,1,PROD_00072,SELL_0016,2024-06-22 23:50:17,148.02,36.13
ORD_0000604,1,PROD_00112,SELL_0033,2023-09-20 21:35:56,94.76,18.13
ORD_0000604,2,PROD_00128,SELL_0004,2023-09-22 21:35:56,77.96,44.65
ORD_0000605,1,PROD_00066,SELL_0015,2024-10-30 01:54:20,13.54,10.92
ORD_0000606,1,PROD_00064,SELL_0007,2024-01-13 16:48:02,98.23,11.13
ORD_0000606,2,PROD_00139,SELL_0026,2024-01-11 16:48:02,323.27,21.51
ORD_0000607,1,PROD_00077,SELL_0031,2024-04-11 10:00:25,21.36,11.5
ORD_0000608,1,PROD_00081,SELL_0026,2024-03-14 02:58:15,74.46,7.28
ORD_0000609,1,PROD_00122,SELL_0024,2024-10-04 03:01:30,391.99,18.35
ORD_0000610,1,PROD_00125,SELL_0026,2023-04-27 15:15:21,354.06,24.67
ORD_0000611,1,PROD_00111,SELL_0040,2023-03-19 19:39:28,684.08,16.46
ORD_0000612,1,PROD_00154,SELL_0006,2023-11-19 22:04:50,177.03,20.07
ORD_0000613,1,PROD_00189,SELL_0032,2024-09-19 20:27:04,11.61,26.61
ORD_0000614,1,PROD_00179,SELL_0001,2024-09-29 13:14:55,232.07,44.67
ORD_0000614,2,PROD_00046,SELL_0024,2024-10-01 13:14:55,20.39,16.66
ORD_0000614,3,PROD_00176,SELL_0043,2024-09-30 13:14:55,184.44,33.0
ORD_0000615,1,PROD_00043,SELL_0003,2024-02-04 14:50:27,71.97,18.21
ORD_0000616,1,PROD_00011,SELL_0013,2024-06-16 10:37:12,96.01,37.86
ORD_0000617,1,PROD_00126,SELL_0040,2025-03-25 06:57:36,25.06,28.73
ORD_0000617,2,PROD_00019,SELL_0005,2025-03-24 06:57:36,505.81,16.38
ORD_0000618,1,PROD_00067,SELL_0033,2023-07-12 07:08:51,40.97,36.04
ORD_0000619,1,PROD_00058,SELL_0022,2024-06-16 20:48:22,140.92,6.28
ORD_0000620,1,PROD_00122,SELL_0033,2023-12-22 09:23:00,329.8,19.35
ORD_0000621,1,PROD_00181,SELL_0016,2024-06-07 17:54:03,411.03,21.72
ORD_0000622,1,PROD_00054,SELL_0010,2023-07-15 21:30:44,87.39,10.95
ORD_0000623,1,PROD_00151,SELL_0029,2023-12-09 18:36:21,308.17,10.91
ORD_0000624,1,PROD_00019,SELL_0021,2023-08-19 00:40:14,198.19,18.31
ORD_0000625,1,PROD_00124,SELL_0042,2024-05-14 23:49:52,160.84,9.9
ORD_0000626,1,PROD_00142,SELL_0046,2023-01-14 02:22:01,45.93,17.1
ORD_0000626,2,PROD_00122,SELL_0026,2023-01-14 02:22:01,272.79,19.57
ORD_0000626,3,PROD_00089,SELL_0017,2023-01-16 02:22:01,22.55,6.26
ORD_0000627,1,PROD_00128,SELL_0046,2024-10-12 18:58:48,39.76,43.66
ORD_0000628,1,PROD_00084,SELL_0043,2023-09-30 23:11:21,457.36,33.3
ORD_0000629,1,PROD_00193,SELL_0001,2023-09-29 03:01:53,180.81,32.99
ORD_0000629,2,PROD_00065,SELL_0022,2023-09-29 03:01:53,89.0,24.48
ORD_0000629,3,PROD_00011,SELL_0039,2023-10-01 03:01:53,133.79,14.6
ORD_0000630,1,PROD_00052,SELL_0050,2024-01-16 11:42:10,221.82,21.71
ORD_0000630,2,PROD_00162,SELL_0040,2024-01-18 11:42:10,32.05,18.72
ORD_0000630,3,PROD_00087,SELL_0033,2024-01-17 11:42:10,10.38,24.31
ORD_0000631,1,PROD_00086,SELL_0048,2024-03-26 22:04:07,139.27,39.31
ORD_0000632,1,PROD_00101,SELL_0040,2024-01-25 10:38:27,538.17,44.75
ORD_0000633,1,PROD_00198,SELL_0030,2023-07-20 17:18:50,76.24,37.01
ORD_0000634,1,PROD_00075,SELL_0003,2024-06-08 18:56:31,224.74,35.23
ORD_0000635,1,PROD_00105,SELL_0005,2023-03-13 05:32:24,121.97,43.6
ORD_0000636,1,PROD_00107,SELL_0039,2024-01-24 16:44:30,326.23,41.56
ORD_0000636,2,PROD_00060,SELL_0015,2024-01-23 16:44:30,56.0,38.39
ORD_0000637,1,PROD_00167,SELL_0043,2024-08-24 12:40:58,600.21,37.67
ORD_0000638,1,PROD_00068,SELL_0015,2023-08-17 09:27:56,27.89,14.17
ORD_0000639,1,PROD_00001,SELL_0018,2023-04-03 04:48:05,159.05,43.35
ORD_0000640,1,PROD_00140,SELL_0047,2023-12-18 13:28:29,471.16,5.65
ORD_0000640,2,PROD_00079,SELL_0032,2023-12-17 13:28:29,236.45,31.53
ORD_0000641,1,PROD_00170,SELL_0016,2024-02-01 00:11:28,174.66,36.19
ORD_0000642,1,PROD_00085,SELL_0001,2024-07-20 20:05:50,17.22,31.24
ORD_0000643,1,PROD_00085,SELL_0002,2023-03-17 11:02:34,41.64,42.86
ORD_0000644,1,PROD_00192,SELL_0019,2023-10-16 06:45:38,148.89,11.76
ORD_0000645,1,PROD_00042,SELL_0011,2023-09-29 00:49:19,636.52,13.16
ORD_0000646,1,PROD_00074,SELL_0036,2024-05-05 20:32:48,68.8,26.69
ORD_0000647,1,PROD_00040,SELL_0001,2025-02-09 06:30:14,439.15,39.12
ORD_0000648,1,PROD_00198,SELL_0012,2025-03-23 02:20:54,64.58,42.77
ORD_0000649,1,PROD_00087,SELL_0050,2024-04-11 17:01:23,27.0,35.64
ORD_0000649,2,PROD_00120,SELL_0040,2024-04-09 17:01:23,163.02,24.25
ORD_0000650,1,PROD_00092,SELL_0025,2024-11-08 11:21:14,557.58,19.13
ORD_0000650,2,PROD_00140,SELL_0040,2024-11-07 11:21:14,473.57,34.01
ORD_0000651,1,PROD_00042,SELL_0045,2023-12-06 18:01:36,123.42,11.41
ORD_0000651,2,PROD_00050,SELL_0041,2023-12-04 18:01:36,308.07,41.99
ORD_0000651,3,PROD_00008,SELL_0049,2023-12-05 18:01:36,149.27,20.57
ORD_0000652,1,PROD_00132,SELL_0011,2024-10-09 19:58:38,143.02,21.1
ORD_0000653,1,PROD_00124,SELL_0005,2024-02-12 02:34:24,274.11,34.91
ORD_0000654,1,PROD_00169,SELL_0036,2023-06-30 03:43:35,749.02,36.23
ORD_0000655,1,PROD_00165,SELL_0003,2023-07-16 06:04:58,101.68,41.0
ORD_0000656,1,PROD_00147,SELL_0024,2024-01-20 16:00:10,122.74,44.51
ORD_0000657,1,PROD_00192,SELL_0030,2023-04-26 04:34:26,169.13,43.78
ORD_0000658,1,PROD_00025,SELL_0008,2023-08-05 09:27:52,113.12,27.46
ORD_0000659,1,PROD_00127,SELL_0049,2023-11-18 18:12:32,46.52,27.06
ORD_0000660,1,PROD_00009,SELL_0016,2025-04-28 12:38:51,397.35,30.52
ORD_0000661,1,PROD_00109,SELL_0004,2024-04-22 18:02:47,27.01,39.35
ORD_0000662,1,PROD_00036,SELL_0010,2024-09-23 05:26:15,287.49,37.63
ORD_0000663,1,PROD_00106,SELL_0024,2024-01-31 21:11:44,176.92,44.01
ORD_0000664,1,PROD_00190,SELL_0019,2024-10-09 17:18:42,140.93,5.91
ORD_0000665,1,PROD_00024,SELL_0039,2025-02-25 17:07:23,158.47,42.26
ORD_0000666,1,PROD_00093,SELL_0050,2023-09-20 06:32:02,41.64,43.99
ORD_0000666,2,PROD_00082,SELL_0014,2023-09-22 06:32:02,268.75,12.3
ORD_0000667,1,PROD_00060,SELL_0049,2025-02-08 12:54:12,10.55,17.46
ORD_0000667,2,PROD_00194,SELL_0046,2025-02-08 12:54:12,45.6,39.37
ORD_0000668,1,PROD_00177,SELL_0043,2025-02-09 14:31:29,450.47,41.25
ORD_0000668,2,PROD_00026,SELL_0003,2025-02-09 14:31:29,225.4,35.09
ORD_0000668,3,PROD_00108,SELL_0048,2025-02-07 14:31:29,36.85,18.33
ORD_0000669,1,PROD_00025,SELL_0007,2024-05-02 08:53:10,171.58,28.53
ORD_0000670,1,PROD_00093,SELL_0011,2024-02-11 05:04:42,110.41,9.28
ORD_0000671,1,PROD_00064,SELL_0042,2023-07-08 06:45:02,25.58,11.74
ORD_0000671,2,PROD_00180,SELL_0002,2023-07-07 06:45:02,263.34,30.23
ORD_0000671,3,PROD_00056,SELL_0048,2023-07-09 06:45:02,186.26,10.07
ORD_0000672,1,PROD_00105,SELL_0018,2024-11-15 22:42:57,11.0,25.92
ORD_0000673,1,PROD_00199,SELL_0016,2024-09-06 00:03:49,297.02,24.71
ORD_0000673,2,PROD_00111,SELL_0013,2024-09-10 00:03:49,192.48,31.68
ORD_0000674,1,PROD_00035,SELL_0038,2024-03-11 00:00:21,35.34,28.63
ORD_0000675,1,PROD_00158,SELL_0027,2023-04-13 21:10:46,346.77,9.99
ORD_0000676,1,PROD_00128,SELL_0038,2023-07-17 19:13:59,5.11,9.58
ORD_0000677,1,PROD_00177,SELL_0042,2023-08-13 03:22:20,128.71,12.37
ORD_0000677,2,PROD_00031,SELL_0046,2023-08-09 03:22:20,484.24,14.95
ORD_0000678,1,PROD_00064,SELL_0044,2024-11-09 08:41:39,151.53,34.25
ORD_0000679,1,PROD_00056,SELL_0001,2025-03-03 19:31:06,79.99,9.5
ORD_0000680,1,PROD_00029,SELL_0007,2024-10-12 22:24:43,293.04,5.55
ORD_0000681,1,PROD_00037,SELL_0008,2024-12-09 10:54:42,49.54,30.92
ORD_0000682,1,PROD_00106,SELL_0018,2024-10-22 23:14:32,77.49,25.75
ORD_0000683,1,PROD_00163,SELL_0013,2024-09-30 03:19:15,30.43,20.57
ORD_0000684,1,PROD_00170,SELL_0018,2023-11-05 06:09:24,87.98,24.56
ORD_0000684,2,PROD_00013,SELL_0011,2023-11-02 06:09:24,90.59,22.33
ORD_0000685,1,PROD_00016,SELL_0014,2024-04-04 23:56:21,61.12,25.97
ORD_0000685,2,PROD_00029,SELL_0018,2024-04-02 23:56:21,310.24,10.63
ORD_0000686,1,PROD_00004,SELL_0005,2023-10-29 00:14:54,126.21,35.51
ORD_0000687,1,PROD_00078,SELL_0045,2023-03-01 21:15:51,459.87,22.97
ORD_0000688,1,PROD_00100,SELL_0029,2024-03-31 20:00:04,22.02,24.21
ORD_0000688,2,PROD_00005,SELL_0025,2024-03-31 20:00:04,48.61,30.81
ORD_0000689,1,PROD_00142,SELL_0008,2023-05-29 06:08:05,34.5,42.36
ORD_0000689,2,PROD_00185,SELL_0007,2023-05-29 06:08:05,275.31,15.19
ORD_0000689,3,PROD_00169,SELL_0026,2023-05-27 06:08:05,427.69,17.41
ORD_0000690,1,PROD_00028,SELL_0016,2023-06-25 23:12:15,91.34,16.31
ORD_0000691,1,PROD_00158,SELL_0012,2024-08-20 14:40:12,242.53,41.98
ORD_0000691,2,PROD_00128,SELL_0002,2024-08-17 14:40:12,78.31,5.13
ORD_0000691,3,PROD_00197,SELL_0037,2024-08-17 14:40:12,285.17,27.15
ORD_0000692,1,PROD_00050,SELL_0047,2023-06-26 15:28:27,144.93,34.3
ORD_0000693,1,PROD_00070,SELL_0043,2025-03-29 15:01:48,481.37,30.15
ORD_0000694,1,PROD_00092,SELL_0013,2023-06-09 17:46:11,89.86,23.87
ORD_0000695,1,PROD_00087,SELL_0035,2024-01-24 17:38:30,59.96,35.36
ORD_0000696,1,PROD_00111,SELL_0005,2024-05-29 23:46:23,767.28,5.66
ORD_0000697,1,PROD_00036,SELL_0014,2025-02-04 11:24:31,115.58,39.66
ORD_0000698,1,PROD_00190,SELL_0036,2024-08-07 05:12:48,56.86,32.24
ORD_0000699,1,PROD_00057,SELL_0007,2024-12-29 15:40:44,113.32,13.74
ORD_0000699,2,PROD_00066,SELL_0008,2024-12-31 15:40:44,8.61,28.5
ORD_0000700,1,PROD_00116,SELL_0016,2023-02-11 11:40:45,627.84,8.74
ORD_0000701,1,PROD_00065,SELL_0041,2024-04-14 21:09:16,160.31,26.48
ORD_0000702,1,PROD_00177,SELL_0049,2024-02-05 12:45:37,243.35,11.68
ORD_0000703,1,PROD_00126,SELL_0027,2025-05-03 13:16:44,124.39,13.65
ORD_0000703,2,PROD_00026,SELL_0037,2025-05-03 13:16:44,35.85,28.32
ORD_0000704,1,PROD_00179,SELL_0029,2024-03-03 23:55:05,131.9,19.28
ORD_0000705,1,PROD_00007,SELL_0037,2025-02-07 06:59:47,598.95,44.23
ORD_0000706,1,PROD_00050,SELL_0048,2023-03-15 22:26:33,136.36,11.28
ORD_0000707,1,PROD_00051,SELL_0019,2024-01-24 05:45:08,417.09,12.91
ORD_0000707,2,PROD_00016,SELL_0009,2024-01-21 05:45:08,54.62,14.03
ORD_0000708,1,PROD_00186,SELL_0049,2023-07-29 01:47:11,97.58,30.09
ORD_0000709,1,PROD_00111,SELL_0011,2024-10-06 03:55:40,148.53,7.53
ORD_0000709,2,PROD_00097,SELL_0035,2024-10-04 03:55:40,27.1,19.98
ORD_0000710,1,PROD_00108,SELL_0014,2024-08-24 07:30:31,40.5,35.58
ORD_0000711,1,PROD_00028,SELL_0011,2025-02-12 00:42:37,144.52,32.99
ORD_0000712,1,PROD_00183,SELL_0038,2025-02-24 08:59:31,399.62,32.09
ORD_0000712,2,PROD_00085,SELL_0039,2025-02-24 08:59:31,54.09,11.3
ORD_0000713,1,PROD_00056,SELL_0040,2024-01-20 21:56:21,239.1,22.0
ORD_0000714,1,PROD_00067,SELL_0050,2024-01-02 10:51:06,115.04,42.05
ORD_0000715,1,PROD_00076,SELL_0006,2024-09-14 03:55:33,128.27,26.42
ORD_0000716,1,PROD_00178,SELL_0048,2024-12-10 21:55:30,110.58,7.15
ORD_0000717,1,PROD_00029,SELL_0042,2025-04-18 10:01:40,202.62,20.78
ORD_0000718,1,PROD_00035,SELL_0015,2025-01-29 19:50:05,8.96,12.19
ORD_0000718,2,PROD_00062,SELL_0039,2025-02-01 19:50:05,365.04,25.34
ORD_0000719,1,PROD_00062,SELL_0034,2024-12-23 03:46:24,224.82,8.34
ORD_0000719,2,PROD_00024,SELL_0009,2024-12-20 03:46:24,57.84,18.28
ORD_0000720,1,PROD_00126,SELL_0015,2023-05-18 15:50:05,129.03,13.21
ORD_0000721,1,PROD_00133,SELL_0028,2024-04-08 03:30:42,16.09,22.69
ORD_0000722,1,PROD_00021,SELL_0011,2024-03-28 22:01:10,374.12,17.87
ORD_0000723,1,PROD_00087,SELL_0050,2025-01-08 08:42:30,14.19,35.62
ORD_0000724,1,PROD_00177,SELL_0002,2025-03-27 22:21:55,48.64,37.38
ORD_0000724,2,PROD_00083,SELL_0041,2025-03-31 22:21:55,70.25,34.69
ORD_0000725,1,PROD_00177,SELL_0007,2024-10-26 10:24:58,176.62,43.12
ORD_0000726,1,PROD_00138,SELL_0041,2023-09-03 07:16:07,528.61,7.29
ORD_0000726,2,PROD_00155,SELL_0023,2023-08-31 07:16:07,29.82,10.99
ORD_0000727,1,PROD_00030,SELL_0019,2024-09-02 06:47:07,321.98,25.16
ORD_0000728,1,PROD_00022,SELL_0043,2023-03-11 18:34:12,345.63,10.92
ORD_0000729,1,PROD_00074,SELL_0005,2024-01-12 21:59:50,103.32,41.41
ORD_0000730,1,PROD_00196,SELL_0003,2024-04-20 10:09:52,64.91,29.87
ORD_0000731,1,PROD_00011,SELL_0003,2023-06-06 19:18:09,81.0,23.69
ORD_0000732,1,PROD_00170,SELL_0023,2024-12-31 18:30:40,93.16,14.82
ORD_0000733,1,PROD_00093,SELL_0010,2023-12-13 04:52:45,185.12,16.0
ORD_0000734,1,PROD_00032,SELL_0018,2024-05-20 23:25:19,22.69,10.97
ORD_0000735,1,PROD_00083,SELL_0020,2024-07-18 12:21:27,138.8,6.96
ORD_0000736,1,PROD_00097,SELL_0003,2023-10-24 09:44:59,225.64,27.1
ORD_0000736,2,PROD_00121,SELL_0027,2023-10-23 09:44:59,10.76,13.32
ORD_0000737,1,PROD_00143,SELL_0002,2023-05-21 10:48:50,194.81,19.2
ORD_0000737,2,PROD_00200,SELL_0034,2023-05-18 10:48:50,396.3,42.54
ORD_0000738,1,PROD_00016,SELL_0008,2023-06-22 18:08:28,25.09,6.88
ORD_0000739,1,PROD_00136,SELL_0034,2025-04-10 23:12:47,33.61,27.23
ORD_0000740,1,PROD_00161,SELL_0042,2024-03-16 21:53:10,450.64,43.49
ORD_0000741,1,PROD_00122,SELL_0034,2023-02-26 03:32:41,214.43,42.24
ORD_0000742,1,PROD_00196,SELL_0026,2023-09-08 12:31:19,45.66,30.91
ORD_0000743,1,PROD_00173,SELL_0040,2024-01-27 22:50:42,30.4,32.87
ORD_0000744,1,PROD_00044,SELL_0043,2024-11-06 14:23:00,83.04,30.81
ORD_0000745,1,PROD_00077,SELL_0027,2024-11-22 16:14:01,32.2,14.71
ORD_0000746,1,PROD_00185,SELL_0014,2024-09-01 05:24:30,514.53,26.13
ORD_0000747,1,PROD_00200,SELL_0003,2023-04-17 10:04:45,181.04,23.48
ORD_0000748,1,PROD_00162,SELL_0049,2023-03-11 16:53:37,34.24,19.19
ORD_0000749,1,PROD_00011,SELL_0047,2024-11-12 03:11:55,36.12,36.55
ORD_0000749,2,PROD_00095,SELL_0019,2024-11-08 03:11:55,25.68,32.33
ORD_0000750,1,PROD_00187,SELL_0025,2023-05-16 18:13:41,31.4,8.38
ORD_0000750,2,PROD_00106,SELL_0033,2023-05-18 18:13:41,145.7,39.52
ORD_0000750,3,PROD_00136,SELL_0050,2023-05-15 18:13:41,105.99,41.72
ORD_0000751,1,PROD_00095,SELL_0034,2023-05-11 16:19:23,20.56,32.9
ORD_0000751,2,PROD_00071,SELL_0030,2023-05-14 16:19:23,179.14,43.9
ORD_0000752,1,PROD_00016,SELL_0019,2025-03-19 09:42:34,55.53,18.6
ORD_0000752,2,PROD_00164,SELL_0016,2025-03-15 09:42:34,40.82,39.12
ORD_0000753,1,PROD_00054,SELL_0013,2024-01-02 19:34:32,291.52,37.96
ORD_0000753,2,PROD_00066,SELL_0008,2024-01-01 19:34:32,38.53,40.34
ORD_0000753,3,PROD_00187,SELL_0007,2023-12-29 19:34:32,86.02,10.66
ORD_0000754,1,PROD_00154,SELL_0008,2023-08-15 04:38:35,238.28,23.66
ORD_0000755,1,PROD_00051,SELL_0044,2024-10-02 13:04:35,135.73,8.66
ORD_0000756,1,PROD_00035,SELL_0015,2024-03-13 22:09:34,35.37,17.92
ORD_0000757,1,PROD_00009,SELL_0049,2024-10-29 06:45:23,367.21,43.25
ORD_0000757,2,PROD_00195,SELL_0021,2024-10-28 06:45:23,34.25,35.34
ORD_0000758,1,PROD_00129,SELL_0047,2025-03-23 13:24:01,520.69,36.16
ORD_0000759,1,PROD_00003,SELL_0002,2023-04-25 21:35:26,275.22,13.35
ORD_0000759,2,PROD_00151,SELL_0008,2023-04-29 21:35:26,50.76,36.15
ORD_0000760,1,PROD_00153,SELL_0045,2025-04-02 07:17:00,166.68,5.52
ORD_0000761,1,PROD_00164,SELL_0019,2023-04-24 03:11:33,218.28,15.56
ORD_0000762,1,PROD_00186,SELL_0040,2024-12-25 18:55:18,365.02,41.67
ORD_0000763,1,PROD_00095,SELL_0004,2023-11-24 12:11:22,39.71,18.83
ORD_0000764,1,PROD_00019,SELL_0041,2024-09-04 04:16:00,492.77,39.83
ORD_0000765,1,PROD_00139,SELL_0034,2023-06-01 12:36:47,203.66,14.25
ORD_0000766,1,PROD_00007,SELL_0027,2024-12-27 14:11:28,481.65,35.26
ORD_0000767,1,PROD_00186,SELL_0039,2024-03-20 16:45:56,79.92,13.62
ORD_0000768,1,PROD_00062,SELL_0027,2023-04-05 20:05:04,191.49,18.41
ORD_0000769,1,PROD_00010,SELL_0019,2023-03-03 02:47:18,494.41,39.29
ORD_0000770,1,PROD_00105,SELL_0024,2024-06-11 23:08:30,188.73,6.71
ORD_0000771,1,PROD_00087,SELL_0028,2023-01-20 19:12:58,43.27,42.42
ORD_0000772,1,PROD_00191,SELL_0008,2024-11-15 16:43:38,65.96,32.75
ORD_0000772,2,PROD_00033,SELL_0003,2024-11-11 16:43:38,358.42,38.86
ORD_0000772,3,PROD_00015,SELL_0025,2024-11-13 16:43:38,217.7,13.13
ORD_0000773,1,PROD_00023,SELL_0025,2025-02-24 16:57:14,66.36,35.51
ORD_0000773,2,PROD_00176,SELL_0048,2025-02-24 16:57:14,96.57,17.82
ORD_0000774,1,PROD_00045,SELL_0022,2024-01-28 05:23:07,388.45,15.16
ORD_0000775,1,PROD_00111,SELL_0037,2024-07-08 03:18:19,421.99,12.34
ORD_0000776,1,PROD_00125,SELL_0010,2023-11-15 20:32:52,181.3,27.45
ORD_0000777,1,PROD_00135,SELL_0003,2024-05-16 01:22:00,419.07,16.62
ORD_0000778,1,PROD_00142,SELL_0029,2024-01-02 00:06:27,8.26,26.11
ORD_0000779,1,PROD_00061,SELL_0036,2023-06-14 13:07:58,206.45,31.68
ORD_0000780,1,PROD_00035,SELL_0042,2024-03-18 05:34:51,35.56,13.48
ORD_0000780,2,PROD_00158,SELL_0043,2024-03-18 05:34:51,297.83,7.14
ORD_0000781,1,PROD_00178,SELL_0033,2024-03-29 05:08:22,37.19,37.89
ORD_0000782,1,PROD_00149,SELL_0019,2023-10-25 01:08:25,58.07,37.13
ORD_0000782,2,PROD_00047,SELL_0029,2023-10-23 01:08:25,187.64,33.59
ORD_0000782,3,PROD_00150,SELL_0039,2023-10-26 01:08:25,247.01,21.11
ORD_0000783,1,PROD_00161,SELL_0025,2023-07-30 15:42:17,275.61,29.98
ORD_0000784,1,PROD_00142,SELL_0048,2025-02-15 12:32:46,41.37,35.38
ORD_0000785,1,PROD_00195,SELL_0034,2023-04-25 00:08:09,59.02,23.25
ORD_0000786,1,PROD_00094,SELL_0037,2024-09-06 23:00:27,182.2,30.47
ORD_0000787,1,PROD_00145,SELL_0033,2024-03-19 07:39:09,39.19,5.85
ORD_0000788,1,PROD_00050,SELL_0007,2023-09-14 21:52:27,573.84,40.62
ORD_0000789,1,PROD_00058,SELL_0028,2023-07-10 06:54:37,65.94,10.65
ORD_0000789,2,PROD_00145,SELL_0027,2023-07-11 06:54:37,146.56,42.5
ORD_0000790,1,PROD_00143,SELL_0008,2023-06-04 13:01:39,199.73,20.92
ORD_0000791,1,PROD_00008,SELL_0014,2024-06-25 09:44:40,263.94,11.96
ORD_0000791,2,PROD_00144,SELL_0034,2024-06-27 09:44:40,568.1,33.98
ORD_0000792,1,PROD_00172,SELL_0042,2023-11-11 03:17:23,207.2,41.31
ORD_0000793,1,PROD_00134,SELL_0049,2023-11-26 01:11:02,37.86,40.88
ORD_0000793,2,PROD_00073,SELL_0027,2023-12-01 01:11:02,292.38,40.89
ORD_0000794,1,PROD_00037,SELL_0028,2024-03-21 05:16:31,227.03,27.65
ORD_0000795,1,PROD_00038,SELL_0035,2023-01-21 21:35:49,29.12,35.52
ORD_0000796,1,PROD_00170,SELL_0025,2023-09-07 20:17:13,94.49,36.34
ORD_0000797,1,PROD_00105,SELL_0014,2025-02-01 19:07:02,129.77,41.94
ORD_0000798,1,PROD_00110,SELL_0010,2024-04-04 03:04:34,47.91,38.22
ORD_0000799,1,PROD_00081,SELL_0049,2025-01-10 04:02:08,47.86,44.22
ORD_0000799,2,PROD_00065,SELL_0026,2025-01-14 04:02:08,170.23,36.09
ORD_0000800,1,PROD_00151,SELL_0033,2023-12-26 11:28:40,281.75,17.43
ORD_0000801,1,PROD_00011,SELL_0011,2024-03-10 16:59:32,129.65,38.3
ORD_0000802,1,PROD_00001,SELL_0028,2024-08-08 01:50:44,17.18,39.09
ORD_0000802,2,PROD_00101,SELL_0004,2024-08-04 01:50:44,548.11,20.57
ORD_0000803,1,PROD_00196,SELL_0006,2024-07-06 16:04:10,83.57,13.08
ORD_0000803,2,PROD_00050,SELL_0002,2024-07-01 16:04:10,496.02,18.39
ORD_0000804,1,PROD_00097,SELL_0018,2023-08-02 05:00:10,170.15,29.48
ORD_0000804,2,PROD_00076,SELL_0048,2023-08-04 05:00:10,198.21,7.93
ORD_0000804,3,PROD_00014,SELL_0041,2023-08-06 05:00:10,38.99,35.95
ORD_0000805,1,PROD_00150,SELL_0041,2024-06-02 22:46:33,286.09,30.68
ORD_0000806,1,PROD_00095,SELL_0002,2023-08-23 01:34:15,19.47,16.19
ORD_0000807,1,PROD_00154,SELL_0046,2023-05-22 08:55:50,155.12,11.49
ORD_0000808,1,PROD_00186,SELL_0043,2024-10-29 11:40:38,173.22,39.52
ORD_0000808,2,PROD_00153,SELL_0006,2024-11-02 11:40:38,58.41,5.78
ORD_0000809,1,PROD_00186,SELL_0025,2023-05-19 13:57:39,257.65,23.97
ORD_0000809,2,PROD_00042,SELL_0005,2023-05-21 13:57:39,406.66,42.3
ORD_0000810,1,PROD_00135,SELL_0013,2025-01-21 08:11:16,343.82,15.51
ORD_0000811,1,PROD_00060,SELL_0021,2025-02-06 22:24:41,12.64,10.31
ORD_0000812,1,PROD_00044,SELL_0026,2023-10-05 06:37:40,38.37,41.63
ORD_0000812,2,PROD_00120,SELL_0001,2023-10-06 06:37:40,172.51,8.17
ORD_0000813,1,PROD_00043,SELL_0011,2023-06-03 15:05:31,55.85,8.14
ORD_0000813,2,PROD_00098,SELL_0016,2023-06-07 15:05:31,33.58,35.01
ORD_0000814,1,PROD_00082,SELL_0037,2023-10-20 00:19:10,57.06,24.83
ORD_0000814,2,PROD_00097,SELL_0005,2023-10-23 00:19:10,58.35,13.73
ORD_0000814,3,PROD_00140,SELL_0004,2023-10-23 00:19:10,162.43,15.58
ORD_0000815,1,PROD_00149,SELL_0026,2023-05-31 02:27:15,29.23,10.63
ORD_0000815,2,PROD_00131,SELL_0028,2023-05-31 02:27:15,8.23,37.7
ORD_0000815,3,PROD_00073,SELL_0014,2023-06-03 02:27:15,348.3,14.46
ORD_0000816,1,PROD_00027,SELL_0010,2025-01-19 00:38:06,177.39,26.37
ORD_0000817,1,PROD_00128,SELL_0012,2025-05-02 20:59:02,55.05,11.81
ORD_0000817,2,PROD_00004,SELL_0032,2025-05-06 20:59:02,210.98,30.56
ORD_0000818,1,PROD_00047,SELL_0034,2025-03-27 00:50:06,29.44,12.74
ORD_0000819,1,PROD_00140,SELL_0047,2023-05-30 15:48:36,183.27,38.19
ORD_0000820,1,PROD_00060,SELL_0015,2024-12-15 08:40:34,47.41,39.66
ORD_0000821,1,PROD_00030,SELL_0044,2023-11-04 03:32:56,342.27,12.09
ORD_0000822,1,PROD_00087,SELL_0048,2024-11-04 09:14:58,42.05,35.01
ORD_0000823,1,PROD_00180,SELL_0028,2023-04-28 07:06:18,186.87,33.77
ORD_0000824,1,PROD_00031,SELL_0026,2023-02-19 19:09:11,237.72,33.0
ORD_0000825,1,PROD_00104,SELL_0001,2024-03-15 04:57:42,216.95,37.3
ORD_0000826,1,PROD_00097,SELL_0011,2024-01-16 08:51:58,173.67,8.37
ORD_0000826,2,PROD_00058,SELL_0011,2024-01-15 08:51:58,129.54,18.12
ORD_0000827,1,PROD_00174,SELL_0050,2024-11-06 04:20:09,439.26,19.64
ORD_0000827,2,PROD_00139,SELL_0044,2024-11-06 04:20:09,593.77,42.48
ORD_0000827,3,PROD_00104,SELL_0034,2024-11-09 04:20:09,236.38,34.3
ORD_0000828,1,PROD_00045,SELL_0021,2025-01-20 08:09:05,54.92,27.82
ORD_0000828,2,PROD_00102,SELL_0003,2025-01-20 08:09:05,388.19,35.2
ORD_0000829,1,PROD_00198,SELL_0040,2024-02-05 11:20:31,56.14,14.41
ORD_0000830,1,PROD_00140,SELL_0009,2024-11-02 07:24:26,436.68,43.12
ORD_0000831,1,PROD_00009,SELL_0015,2024-07-10 07:24:05,476.67,32.67
ORD_0000831,2,PROD_00139,SELL_0046,2024-07-10 07:24:05,282.56,33.77
ORD_0000832,1,PROD_00075,SELL_0039,2023-04-04 07:23:00,266.38,16.93
ORD_0000833,1,PROD_00157,SELL_0042,2024-07-27 15:08:58,186.59,30.18
ORD_0000833,2,PROD_00073,SELL_0033,2024-07-30 15:08:58,131.17,30.04
ORD_0000834,1,PROD_00193,SELL_0029,2024-04-18 04:53:54,276.05,32.81
ORD_0000834,2,PROD_00092,SELL_0035,2024-04-21 04:53:54,648.46,14.41
ORD_0000834,3,PROD_00115,SELL_0050,2024-04-23 04:53:54,330.68,12.84
ORD_0000835,1,PROD_00158,SELL_0005,2023-08-10 07:03:47,197.24,20.22
ORD_0000836,1,PROD_00161,SELL_0040,2023-03-03 22:06:42,411.67,23.46
ORD_0000837,1,PROD_00139,SELL_0028,2023-06-06 11:09:05,123.95,29.95
ORD_0000838,1,PROD_00040,SELL_0034,2025-02-06 04:47:33,421.78,10.18
ORD_0000839,1,PROD_00192,SELL_0021,2025-01-16 10:28:50,17.25,30.73
ORD_0000840,1,PROD_00103,SELL_0016,2024-09-14 05:32:10,41.46,32.29
ORD_0000841,1,PROD_00069,SELL_0024,2024-04-15 17:45:53,71.23,31.54
ORD_0000842,1,PROD_00159,SELL_0003,2023-06-12 08:05:33,29.89,23.27
ORD_0000843,1,PROD_00043,SELL_0050,2023-08-12 12:39:03,25.97,26.67
ORD_0000844,1,PROD_00096,SELL_0034,2023-11-22 20:41:25,148.79,12.3
ORD_0000845,1,PROD_00101,SELL_0040,2023-07-23 08:06:06,149.82,19.12
ORD_0000846,1,PROD_00064,SELL_0035,2023-03-15 06:38:00,130.45,10.32
ORD_0000847,1,PROD_00069,SELL_0015,2023-02-06 07:17:05,64.22,38.21
ORD_0000848,1,PROD_00147,SELL_0011,2023-04-10 09:00:22,282.0,18.61
ORD_0000849,1,PROD_00175,SELL_0049,2023-11-23 12:46:22,552.96,12.46
ORD_0000850,1,PROD_00124,SELL_0025,2024-06-01 04:01:37,74.6,42.8
ORD_0000850,2,PROD_00148,SELL_0015,2024-06-05 04:01:37,34.06,42.84
ORD_0000851,1,PROD_00136,SELL_0007,2023-06-08 21:29:05,125.51,32.46
ORD_0000852,1,PROD_00130,SELL_0024,2025-03-02 22:10:32,30.18,33.42
ORD_0000852,2,PROD_00007,SELL_0017,2025-03-03 22:10:32,762.75,24.59
ORD_0000853,1,PROD_00144,SELL_0049,2024-06-24 10:28:50,221.65,29.4
ORD_0000853,2,PROD_00198,SELL_0015,2024-06-21 10:28:50,56.01,37.99
ORD_0000853,3,PROD_00050,SELL_0044,2024-06-25 10:28:50,211.71,29.93
ORD_0000854,1,PROD_00020,SELL_0031,2025-01-05 21:24:15,464.63,9.53
ORD_0000854,2,PROD_00124,SELL_0046,2025-01-03 21:24:15,70.21,12.97
ORD_0000855,1,PROD_00069,SELL_0024,2023-06-09 18:40:31,64.51,8.44
ORD_0000856,1,PROD_00023,SELL_0021,2023-04-11 14:20:10,29.39,23.15
ORD_0000857,1,PROD_00056,SELL_0014,2024-01-02 02:04:11,186.3,19.64
ORD_0000858,1,PROD_00135,SELL_0029,2023-05-28 03:36:31,66.74,36.95
ORD_0000859,1,PROD_00159,SELL_0045,2024-10-03 21:08:28,24.93,38.86
ORD_0000860,1,PROD_00073,SELL_0003,2024-06-06 14:16:56,333.38,36.7
ORD_0000860,2,PROD_00046,SELL_0008,2024-06-09 14:16:56,90.34,29.63
ORD_0000861,1,PROD_00122,SELL_0009,2025-04-25 17:00:09,237.75,29.2
ORD_0000862,1,PROD_00093,SELL_0034,2024-04-24 21:05:22,45.5,38.79
ORD_0000863,1,PROD_00090,SELL_0022,2023-04-04 05:46:06,135.6,40.61
ORD_0000863,2,PROD_00199,SELL_0021,2023-04-04 05:46:06,158.43,7.33
ORD_0000864,1,PROD_00194,SELL_0020,2024-05-15 06:44:47,38.73,22.69
ORD_0000865,1,PROD_00181,SELL_0048,2023-06-16 15:09:40,182.19,18.49
ORD_0000866,1,PROD_00162,SELL_0024,2025-04-11 11:50:27,30.47,28.53
ORD_0000867,1,PROD_00158,SELL_0020,2025-02-21 21:27:17,136.57,25.08
ORD_0000867,2,PROD_00031,SELL_0028,2025-02-19 21:27:17,484.46,37.5
ORD_0000868,1,PROD_00002,SELL_0020,2025-01-03 14:55:26,222.39,6.71
ORD_0000869,1,PROD_00151,SELL_0016,2023-02-28 02:57:57,231.86,14.28
ORD_0000870,1,PROD_00030,SELL_0005,2024-05-04 17:44:50,323.74,39.74
ORD_0000871,1,PROD_00088,SELL_0041,2024-12-17 18:24:52,127.92,25.87
ORD_0000872,1,PROD_00189,SELL_0020,2023-06-02 10:42:52,44.61,9.01
ORD_0000873,1,PROD_00135,SELL_0040,2024-04-21 04:31:55,316.12,20.43
ORD_0000873,2,PROD_00126,SELL_0045,2024-04-17 04:31:55,30.17,43.52
ORD_0000874,1,PROD_00164,SELL_0019,2023-05-16 20:28:40,241.93,33.77
ORD_0000875,1,PROD_00192,SELL_0033,2024-12-21 17:49:10,11.21,19.65
ORD_0000876,1,PROD_00095,SELL_0005,2023-01-21 11:52:23,22.97,42.99
ORD_0000876,2,PROD_00056,SELL_0035,2023-01-17 11:52:23,204.27,11.91
ORD_0000877,1,PROD_00049,SELL_0039,2023-05-11 22:31:41,508.35,10.05
ORD_0000877,2,PROD_00166,SELL_0006,2023-05-10 22:31:41,43.97,17.19
ORD_0000878,1,PROD_00003,SELL_0027,2025-02-26 10:07:59,267.93,25.78
ORD_0000879,1,PROD_00053,SELL_0002,2024-09-07 05:34:27,133.39,23.53
ORD_0000880,1,PROD_00121,SELL_0043,2025-04-10 03:05:41,29.01,33.25
ORD_0000881,1,PROD_00047,SELL_0021,2025-02-10 19:59:34,180.97,24.2
ORD_0000882,1,PROD_00093,SELL_0009,2024-03-11 06:14:49,147.08,15.63
ORD_0000882,2,PROD_00040,SELL_0021,2024-03-09 06:14:49,434.11,42.69
ORD_0000883,1,PROD_00131,SELL_0048,2024-04-30 03:22:50,66.25,39.2
ORD_0000884,1,PROD_00169,SELL_0026,2023-10-20 08:56:42,456.43,34.18
ORD_0000885,1,PROD_00047,SELL_0042,2023-01-10 13:02:00,146.47,43.41
ORD_0000886,1,PROD_00118,SELL_0046,2023-12-17 05:36:27,489.05,12.93
ORD_0000887,1,PROD_00145,SELL_0002,2024-10-25 12:53:03,169.02,43.66
ORD_0000888,1,PROD_00040,SELL_0040,2023-06-15 13:14:06,296.79,27.67
ORD_0000889,1,PROD_00044,SELL_0021,2024-08-20 12:53:48,143.75,34.31
ORD_0000889,2,PROD_00150,SELL_0036,2024-08-19 12:53:48,45.72,17.13
ORD_0000890,1,PROD_00043,SELL_0016,2023-04-12 02:01:27,29.38,19.55
ORD_0000891,1,PROD_00139,SELL_0020,2024-09-28 22:34:58,153.78,27.24
ORD_0000891,2,PROD_00107,SELL_0030,2024-10-01 22:34:58,55.92,33.99
ORD_0000892,1,PROD_00127,SELL_0019,2024-10-11 11:11:15,21.41,37.33
ORD_0000892,2,PROD_00006,SELL_0017,2024-10-14 11:11:15,109.22,15.44
ORD_0000893,1,PROD_00199,SELL_0008,2024-07-05 07:46:49,181.87,33.62
ORD_0000893,2,PROD_00115,SELL_0038,2024-07-07 07:46:49,494.78,38.92
ORD_0000894,1,PROD_00147,SELL_0004,2024-10-19 18:55:06,72.94,7.8
ORD_0000895,1,PROD_00153,SELL_0032,2023-06-02 09:16:57,151.18,26.08
ORD_0000896,1,PROD_00126,SELL_0009,2023-04-20 15:50:01,109.11,37.7
ORD_0000897,1,PROD_00133,SELL_0044,2024-03-07 12:56:20,23.23,10.97
ORD_0000897,2,PROD_00035,SELL_0047,2024-03-07 12:56:20,64.49,20.89
ORD_0000897,3,PROD_00141,SELL_0003,2024-03-09 12:56:20,110.45,6.51
ORD_0000898,1,PROD_00126,SELL_0030,2023-07-08 21:36:40,94.92,42.59
ORD_0000898,2,PROD_00129,SELL_0023,2023-07-09 21:36:40,323.31,27.76
ORD_0000899,1,PROD_00190,SELL_0043,2024-05-16 19:38:34,297.16,40.14
ORD_0000900,1,PROD_00061,SELL_0004,2023-01-26 16:32:48,265.85,20.77
ORD_0000901,1,PROD_00072,SELL_0025,2023-08-18 00:20:08,176.37,14.45
ORD_0000902,1,PROD_00147,SELL_0008,2024-12-31 17:41:18,260.18,27.95
ORD_0000903,1,PROD_00042,SELL_0037,2024-02-16 06:16:11,669.01,39.88
ORD_0000904,1,PROD_00039,SELL_0047,2023-06-25 06:46:31,264.31,11.7
ORD_0000905,1,PROD_00170,SELL_0031,2023-10-10 10:39:06,26.73,17.11
ORD_0000905,2,PROD_00168,SELL_0004,2023-10-12 10:39:06,436.57,25.46
ORD_0000906,1,PROD_00002,SELL_0006,2023-03-10 14:10:56,150.49,44.69
ORD_0000906,2,PROD_00176,SELL_0008,2023-03-10 14:10:56,122.76,8.72
ORD_0000907,1,PROD_00163,SELL_0014,2024-02-27 09:38:52,31.13,11.07
ORD_0000908,1,PROD_00176,SELL_0027,2025-04-13 10:27:50,185.56,43.4
ORD_0000909,1,PROD_00036,SELL_0048,2024-01-23 11:09:49,49.8,29.23
ORD_0000909,2,PROD_00023,SELL_0007,2024-01-19 11:09:49,13.7,20.3
ORD_0000910,1,PROD_00011,SELL_0029,2024-08-07 10:57:14,26.93,33.87
ORD_0000910,2,PROD_00186,SELL_0034,2024-08-09 10:57:14,150.32,34.7
ORD_0000910,3,PROD_00064,SELL_0047,2024-08-07 10:57:14,47.61,29.92
ORD_0000911,1,PROD_00147,SELL_0014,2024-06-29 06:06:35,77.92,20.21
ORD_0000912,1,PROD_00046,SELL_0020,2024-03-27 10:52:20,90.13,40.07
ORD_0000913,1,PROD_00196,SELL_0006,2023-10-13 13:07:07,159.15,12.05
ORD_0000914,1,PROD_00143,SELL_0009,2023-01-23 20:50:54,279.56,30.01
ORD_0000915,1,PROD_00148,SELL_0010,2023-05-21 12:02:57,103.09,44.28
ORD_0000915,2,PROD_00074,SELL_0038,2023-05-18 12:02:57,81.36,5.68
ORD_0000916,1,PROD_00094,SELL_0025,2023-04-10 13:46:19,298.48,19.0
ORD_0000916,2,PROD_00190,SELL_0014,2023-04-15 13:46:19,302.31,5.05
ORD_0000917,1,PROD_00153,SELL_0038,2024-07-28 10:31:39,116.67,36.17
ORD_0000918,1,PROD_00199,SELL_0008,2024-01-21 19:06:01,47.55,43.76
ORD_0000918,2,PROD_00071,SELL_0036,2024-01-22 19:06:01,111.56,42.41
ORD_0000919,1,PROD_00100,SELL_0014,2023-11-29 22:46:27,23.96,41.96
ORD_0000920,1,PROD_00020,SELL_0002,2024-12-08 01:16:56,446.29,36.14
ORD_0000921,1,PROD_00014,SELL_0011,2023-12-09 22:39:50,36.68,19.47
ORD_0000921,2,PROD_00060,SELL_0011,2023-12-10 22:39:50,36.99,16.12
ORD_0000921,3,PROD_00159,SELL_0006,2023-12-09 22:39:50,9.61,33.75
ORD_0000922,1,PROD_00152,SELL_0009,2023-11-27 04:48:37,47.23,14.13
ORD_0000923,1,PROD_00028,SELL_0011,2023-09-11 18:30:42,119.16,15.44
ORD_0000924,1,PROD_00002,SELL_0019,2023-09-30 09:45:05,67.13,33.41
ORD_0000925,1,PROD_00032,SELL_0026,2025-01-27 06:44:04,6.26,19.53
ORD_0000926,1,PROD_00197,SELL_0020,2025-04-24 12:12:31,266.74,19.74
ORD_0000927,1,PROD_00114,SELL_0023,2023-11-21 09:45:29,303.26,36.14
ORD_0000928,1,PROD_00045,SELL_0007,2024-04-11 19:32:12,473.97,15.05
ORD_0000929,1,PROD_00065,SELL_0003,2024-12-09 09:55:36,97.73,5.11
ORD_0000929,2,PROD_00016,SELL_0033,2024-12-05 09:55:36,62.69,36.89
ORD_0000930,1,PROD_00007,SELL_0027,2024-04-22 05:17:01,650.69,34.47
ORD_0000931,1,PROD_00116,SELL_0006,2023-05-07 17:05:22,294.08,35.54
ORD_0000932,1,PROD_00133,SELL_0007,2023-10-14 11:06:03,8.2,5.53
ORD_0000933,1,PROD_00115,SELL_0047,2023-07-15 12:11:38,112.7,28.71
ORD_0000934,1,PROD_00181,SELL_0033,2023-09-14 03:14:07,49.19,8.38
ORD_0000934,2,PROD_00105,SELL_0030,2023-09-19 03:14:07,96.06,14.86
ORD_0000934,3,PROD_00059,SELL_0019,2023-09-16 03:14:07,56.5,43.75
ORD_0000935,1,PROD_00071,SELL_0026,2023-09-05 02:34:06,256.18,12.98
ORD_0000935,2,PROD_00030,SELL_0037,2023-09-07 02:34:06,287.54,5.99
ORD_0000935,3,PROD_00047,SELL_0044,2023-09-06 02:34:06,76.3,39.38
ORD_0000936,1,PROD_00181,SELL_0002,2023-08-17 23:52:56,226.15,15.15
ORD_0000937,1,PROD_00002,SELL_0050,2023-07-31 11:40:18,93.43,44.99
ORD_0000938,1,PROD_00041,SELL_0029,2025-01-30 09:54:58,334.36,41.78
ORD_0000939,1,PROD_00101,SELL_0023,2023-06-26 05:21:57,284.61,10.96
ORD_0000939,2,PROD_00017,SELL_0045,2023-06-25 05:21:57,138.28,38.23
ORD_0000940,1,PROD_00015,SELL_0028,2023-09-30 02:10:43,392.33,21.12
ORD_0000941,1,PROD_00085,SELL_0005,2024-05-17 07:30:07,40.6,6.0
ORD_0000942,1,PROD_00151,SELL_0017,2024-06-01 05:48:09,177.69,23.69
ORD_0000943,1,PROD_00168,SELL_0050,2025-01-28 11:34:16,146.09,14.44
ORD_0000944,1,PROD_00184,SELL_0046,2023-12-15 16:49:42,147.29,33.0
ORD_0000945,1,PROD_00147,SELL_0046,2025-01-17 20:01:09,25.83,14.97
ORD_0000946,1,PROD_00045,SELL_0033,2024-12-15 13:23:13,40.3,29.42
ORD_0000947,1,PROD_00077,SELL_0032,2023-10-13 20:43:34,100.52,28.92
ORD_0000947,2,PROD_00156,SELL_0015,2023-10-15 20:43:34,110.55,24.71
ORD_0000948,1,PROD_00119,SELL_0027,2023-12-11 12:37:26,370.58,32.41
ORD_0000949,1,PROD_00192,SELL_0025,2024-12-21 10:53:39,65.6,21.44
ORD_0000950,1,PROD_00125,SELL_0031,2023-04-29 00:31:59,128.93,6.96
ORD_0000951,1,PROD_00060,SELL_0028,2023-10-27 19:35:42,51.21,35.49
ORD_0000952,1,PROD_00177,SELL_0039,2023-08-15 09:52:37,774.62,31.79
ORD_0000953,1,PROD_00030,SELL_0001,2023-12-29 21:53:00,398.35,22.84
ORD_0000954,1,PROD_00068,SELL_0043,2025-03-01 17:09:05,136.47,22.23
ORD_0000954,2,PROD_00007,SELL_0030,2025-03-04 17:09:05,195.04,7.04
ORD_0000955,1,PROD_00028,SELL_0011,2023-03-31 09:14:02,49.48,7.2
ORD_0000955,2,PROD_00171,SELL_0043,2023-03-31 09:14:02,270.52,30.23
ORD_0000956,1,PROD_00140,SELL_0016,2024-02-17 03:57:16,472.98,36.97
ORD_0000957,1,PROD_00193,SELL_0033,2024-12-02 10:51:37,194.18,25.52
ORD_0000958,1,PROD_00038,SELL_0029,2023-11-11 02:19:36,54.67,8.34
ORD_0000959,1,PROD_00138,SELL_0019,2024-03-30 03:08:33,417.81,28.51
ORD_0000959,2,PROD_00131,SELL_0005,2024-03-29 03:08:33,7.29,37.81
ORD_0000960,1,PROD_00067,SELL_0049,2024-03-15 14:26:26,65.18,10.53
ORD_0000960,2,PROD_00116,SELL_0034,2024-03-19 14:26:26,664.09,40.34
ORD_0000960,3,PROD_00189,SELL_0029,2024-03-19 14:26:26,186.15,27.84
ORD_0000961,1,PROD_00003,SELL_0002,2025-02-28 13:05:48,170.95,7.47
ORD_0000962,1,PROD_00108,SELL_0006,2024-09-30 17:57:36,126.46,23.93
ORD_0000963,1,PROD_00098,SELL_0026,2024-11-19 00:29:51,107.97,16.98
ORD_0000963,2,PROD_00196,SELL_0011,2024-11-23 00:29:51,133.11,8.36
ORD_0000964,1,PROD_00173,SELL_0011,2023-12-14 19:06:52,207.03,15.82
ORD_0000964,2,PROD_00172,SELL_0010,2023-12-13 19:06:52,141.46,41.15
ORD_0000965,1,PROD_00101,SELL_0031,2025-02-04 18:43:32,364.01,44.96
ORD_0000965,2,PROD_00163,SELL_0023,2025-01-31 18:43:32,17.0,6.73
ORD_0000966,1,PROD_00067,SELL_0038,2023-08-22 21:40:54,164.28,8.54
ORD_0000966,2,PROD_00029,SELL_0036,2023-08-24 21:40:54,133.79,6.76
ORD_0000967,1,PROD_00125,SELL_0045,2024-05-17 19:44:12,127.96,40.75
ORD_0000968,1,PROD_00086,SELL_0050,2023-08-03 03:30:01,147.34,19.16
ORD_0000969,1,PROD_00169,SELL_0019,2024-02-26 15:11:52,545.92,20.93
ORD_0000970,1,PROD_00155,SELL_0019,2024-11-10 19:07:27,371.97,33.08
ORD_0000971,1,PROD_00140,SELL_0040,2025-02-06 21:15:10,139.35,15.59
ORD_0000972,1,PROD_00116,SELL_0029,2023-04-15 18:31:23,370.4,11.07
ORD_0000973,1,PROD_00087,SELL_0023,2024-03-08 13:09:01,24.31,10.69
ORD_0000974,1,PROD_00162,SELL_0009,2024-10-30 21:39:28,35.5,26.7
ORD_0000974,2,PROD_00129,SELL_0050,2024-10-31 21:39:28,581.89,43.41
ORD_0000975,1,PROD_00103,SELL_0040,2023-05-25 14:56:46,35.7,25.07
ORD_0000976,1,PROD_00036,SELL_0010,2023-12-30 22:33:24,394.45,20.81
ORD_0000976,2,PROD_00114,SELL_0002,2023-12-30 22:33:24,308.93,7.73
ORD_0000977,1,PROD_00023,SELL_0008,2025-01-12 18:21:29,27.49,13.58
ORD_0000977,2,PROD_00194,SELL_0043,2025-01-12 18:21:29,79.57,14.93
ORD_0000978,1,PROD_00042,SELL_0046,2024-02-13 02:58:53,699.04,39.93
ORD_0000979,1,PROD_00055,SELL_0001,2023-07-08 18:45:59,345.7,21.31
ORD_0000980,1,PROD_00064,SELL_0036,2024-08-23 11:37:39,18.32,15.18
ORD_0000981,1,PROD_00086,SELL_0011,2023-04-13 21:06:31,158.15,33.01
ORD_0000982,1,PROD_00072,SELL_0017,2023-06-30 23:57:24,138.83,24.82
ORD_0000982,2,PROD_00158,SELL_0003,2023-07-01 23:57:24,66.02,17.72
ORD_0000982,3,PROD_00179,SELL_0037,2023-07-03 23:57:24,111.87,6.13
ORD_0000983,1,PROD_00017,SELL_0048,2023-09-16 03:02:54,125.46,34.61
ORD_0000984,1,PROD_00033,SELL_0037,2023-04-27 22:28:24,569.15,28.78
ORD_0000984,2,PROD_00162,SELL_0047,2023-04-23 22:28:24,8.14,26.64
ORD_0000985,1,PROD_00119,SELL_0018,2023-07-26 06:16:31,506.66,10.82
ORD_0000985,2,PROD_00114,SELL_0007,2023-07-27 06:16:31,150.02,25.68
ORD_0000986,1,PROD_00160,SELL_0025,2025-03-23 06:05:37,172.23,20.78
ORD_0000986,2,PROD_00140,SELL_0040,2025-03-22 06:05:37,222.65,31.53
ORD_0000987,1,PROD_00149,SELL_0029,2025-04-13 04:57:00,34.69,29.74
ORD_0000988,1,PROD_00098,SELL_0006,2025-01-21 23:41:33,108.59,32.55
ORD_0000988,2,PROD_00088,SELL_0043,2025-01-19 23:41:33,153.26,44.16
ORD_0000988,3,PROD_00029,SELL_0039,2025-01-24 23:41:33,56.58,10.39
ORD_0000989,1,PROD_00176,SELL_0016,2024-05-07 16:22:22,158.4,44.79
ORD_0000990,1,PROD_00178,SELL_0031,2024-10-04 12:55:04,55.03,9.54
ORD_0000990,2,PROD_00109,SELL_0039,2024-10-08 12:55:04,56.21,7.47
ORD_0000990,3,PROD_00193,SELL_0014,2024-10-07 12:55:04,237.11,37.3
ORD_0000991,1,PROD_00106,SELL_0007,2023-05-07 15:14:03,176.02,30.9
ORD_0000992,1,PROD_00084,SELL_0032,2024-12-23 11:04:55,248.54,7.23
ORD_0000993,1,PROD_00153,SELL_0009,2024-08-16 07:54:33,203.7,27.9
ORD_0000994,1,PROD_00149,SELL_0025,2024-05-02 08:41:01,23.77,6.88
ORD_0000995,1,PROD_00071,SELL_0036,2025-02-28 01:08:13,397.05,34.62
ORD_0000996,1,PROD_00128,SELL_0028,2024-05-24 02:51:36,35.78,18.07
ORD_0000997,1,PROD_00080,SELL_0032,2024-03-07 19:47:39,237.45,39.61
ORD_0000998,1,PROD_00008,SELL_0020,2023-02-10 15:32:14,237.06,36.3
ORD_0000999,1,PROD_00050,SELL_0002,2023-08-27 00:59:03,477.51,37.21
ORD_0000999,2,PROD_00034,SELL_0017,2023-08-27 00:59:03,96.24,36.29
ORD_0000999,3,PROD_00098,SELL_0012,2023-08-27 00:59:03,144.24,39.17
ORD_0001000,1,PROD_00075,SELL_0022,2025-01-31 00:35:30,40.59,20.86
