customer_id,customer_unique_id,customer_zip_code,customer_city,customer_state,created_at
CUST_000001,UNIQ_000001,13278,Belo Horizonte,MG,2025-01-29 08:15:14
CUST_000002,UNIQ_000002,23434,São Paulo,SP,2024-11-23 23:57:34
CUST_000003,UNIQ_000003,65302,São Paulo,SP,2023-02-02 00:05:13
CUST_000004,UNIQ_000004,88907,São Paulo,SP,2023-01-28 17:12:45
CUST_000005,UNIQ_000005,81426,Belo Horizonte,MG,2024-03-05 07:28:37
CUST_000006,UNIQ_000006,10851,São Paulo,SP,2025-02-16 05:44:27
CUST_000007,UNIQ_000007,30379,São Paulo,SP,2023-08-09 10:06:05
CUST_000008,UNIQ_000008,57052,São Paulo,SP,2023-12-19 19:16:51
CUST_000009,UNIQ_000009,70217,São Paulo,SP,2024-07-03 03:59:24
CUST_000010,UNIQ_000010,48427,São Paulo,SP,2025-04-29 20:39:56
CUST_000011,UNIQ_000011,85674,Salvador,BA,2023-07-16 22:04:02
CUST_000012,UNIQ_000012,47930,Belo Horizonte,MG,2023-03-23 07:55:06
CUST_000013,UNIQ_000013,69429,São Paulo,SP,2024-10-12 11:10:23
CUST_000014,UNIQ_000014,97841,São Paulo,SP,2023-10-01 22:59:43
CUST_000015,UNIQ_000015,89840,Belo Horizonte,MG,2024-10-12 05:34:46
CUST_000016,UNIQ_000016,70589,São Paulo,SP,2024-01-24 08:59:40
CUST_000017,UNIQ_000017,38785,Porto Alegre,RS,2024-12-02 10:53:49
CUST_000018,UNIQ_000018,40021,Curitiba,PR,2025-04-21 01:51:20
CUST_000019,UNIQ_000019,18675,São Paulo,SP,2023-08-05 18:56:45
CUST_000020,UNIQ_000020,95909,São Paulo,SP,2024-05-26 12:56:58
CUST_000021,UNIQ_000021,28726,Belo Horizonte,MG,2023-09-29 04:15:47
CUST_000022,UNIQ_000022,44438,Rio de Janeiro,RJ,2025-02-03 18:27:57
CUST_000023,UNIQ_000023,57447,Belo Horizonte,MG,2023-08-13 04:32:31
CUST_000024,UNIQ_000024,16175,São Paulo,SP,2023-04-23 04:40:10
CUST_000025,UNIQ_000025,65333,Curitiba,PR,2024-09-02 02:24:24
CUST_000026,UNIQ_000026,71348,Belo Horizonte,MG,2024-06-25 08:35:55
CUST_000027,UNIQ_000027,99166,Recife,PE,2025-01-08 03:43:56
CUST_000028,UNIQ_000028,44973,Rio de Janeiro,RJ,2025-02-26 20:21:07
CUST_000029,UNIQ_000029,30730,São Paulo,SP,2024-04-09 00:46:56
CUST_000030,UNIQ_000030,75612,Porto Alegre,RS,2025-02-19 05:32:58
CUST_000031,UNIQ_000031,91959,São Paulo,SP,2023-11-02 20:32:38
CUST_000032,UNIQ_000032,59009,São Paulo,SP,2025-02-19 05:34:49
CUST_000033,UNIQ_000033,10074,Vitória,ES,2024-09-05 10:31:01
CUST_000034,UNIQ_000034,57576,São Paulo,SP,2025-04-06 09:15:03
CUST_000035,UNIQ_000035,84364,São Paulo,SP,2023-03-22 02:46:31
CUST_000036,UNIQ_000036,79822,Florianópolis,SC,2025-02-23 04:08:42
CUST_000037,UNIQ_000037,82063,Rio de Janeiro,RJ,2023-06-19 08:33:55
CUST_000038,UNIQ_000038,37760,Belo Horizonte,MG,2024-07-06 23:44:12
CUST_000039,UNIQ_000039,62296,Porto Alegre,RS,2024-11-18 20:23:28
CUST_000040,UNIQ_000040,69177,Brasília,DF,2023-05-04 07:14:04
CUST_000041,UNIQ_000041,87110,São Paulo,SP,2024-07-21 07:37:14
CUST_000042,UNIQ_000042,92719,São Paulo,SP,2023-03-02 07:04:57
CUST_000043,UNIQ_000043,53309,São Paulo,SP,2023-03-14 16:15:17
CUST_000044,UNIQ_000044,38080,Belo Horizonte,MG,2024-07-06 04:46:59
CUST_000045,UNIQ_000045,85525,Brasília,DF,2024-04-29 07:50:30
CUST_000046,UNIQ_000046,34957,Florianópolis,SC,2023-04-07 03:42:27
CUST_000047,UNIQ_000047,63883,São Paulo,SP,2024-04-23 23:03:43
CUST_000048,UNIQ_000048,94696,Belo Horizonte,MG,2023-04-11 01:25:46
CUST_000049,UNIQ_000049,24322,São Paulo,SP,2023-09-12 06:12:34
CUST_000050,UNIQ_000050,65296,Rio de Janeiro,RJ,2023-07-07 08:29:15
CUST_000051,UNIQ_000051,19880,Brasília,DF,2024-03-29 17:06:03
CUST_000052,UNIQ_000052,80855,Belo Horizonte,MG,2023-01-16 02:59:48
CUST_000053,UNIQ_000053,31798,Salvador,BA,2024-02-21 15:30:13
CUST_000054,UNIQ_000054,17685,Salvador,BA,2023-06-18 12:00:24
CUST_000055,UNIQ_000055,69638,São Paulo,SP,2023-10-20 13:44:46
CUST_000056,UNIQ_000056,82845,Campo Grande,MS,2024-11-08 22:31:09
CUST_000057,UNIQ_000057,38534,São Paulo,SP,2023-03-01 18:47:34
CUST_000058,UNIQ_000058,51104,São Paulo,SP,2023-02-28 01:37:30
CUST_000059,UNIQ_000059,79615,Rio de Janeiro,RJ,2023-06-11 01:32:05
CUST_000060,UNIQ_000060,18981,Salvador,BA,2024-09-01 02:43:55
CUST_000061,UNIQ_000061,25713,São Paulo,SP,2024-08-06 07:37:38
CUST_000062,UNIQ_000062,20745,São Paulo,SP,2024-03-05 21:37:36
CUST_000063,UNIQ_000063,44179,Rio de Janeiro,RJ,2023-07-29 21:45:20
CUST_000064,UNIQ_000064,61876,São Paulo,SP,2023-05-15 21:41:19
CUST_000065,UNIQ_000065,19508,Rio de Janeiro,RJ,2023-01-10 14:39:36
CUST_000066,UNIQ_000066,19602,Campo Grande,MS,2024-07-04 06:32:16
CUST_000067,UNIQ_000067,55745,São Paulo,SP,2023-03-12 07:23:18
CUST_000068,UNIQ_000068,81200,São Paulo,SP,2024-12-21 09:39:51
CUST_000069,UNIQ_000069,11025,Belo Horizonte,MG,2024-11-14 17:19:59
CUST_000070,UNIQ_000070,27601,Belo Horizonte,MG,2023-09-28 03:56:06
CUST_000071,UNIQ_000071,30374,Porto Alegre,RS,2023-10-06 09:38:13
CUST_000072,UNIQ_000072,36685,Porto Alegre,RS,2024-12-04 20:54:16
CUST_000073,UNIQ_000073,42914,Rio de Janeiro,RJ,2023-02-22 02:40:27
CUST_000074,UNIQ_000074,15778,Florianópolis,SC,2023-01-04 10:49:08
CUST_000075,UNIQ_000075,44335,Belo Horizonte,MG,2023-06-15 23:28:35
CUST_000076,UNIQ_000076,83519,Porto Alegre,RS,2023-01-10 03:04:56
CUST_000077,UNIQ_000077,29536,Porto Alegre,RS,2024-07-12 01:53:23
CUST_000078,UNIQ_000078,29410,Belo Horizonte,MG,2024-03-16 04:02:19
CUST_000079,UNIQ_000079,15229,São Paulo,SP,2024-01-02 06:43:15
CUST_000080,UNIQ_000080,56357,Belo Horizonte,MG,2025-03-09 17:56:55
CUST_000081,UNIQ_000081,91351,São Paulo,SP,2025-02-06 04:59:59
CUST_000082,UNIQ_000082,31299,São Paulo,SP,2025-03-30 05:56:26
CUST_000083,UNIQ_000083,53540,São Paulo,SP,2025-03-12 13:51:42
CUST_000084,UNIQ_000084,42527,Salvador,BA,2023-10-01 05:50:44
CUST_000085,UNIQ_000085,15075,São Paulo,SP,2024-04-26 07:12:52
CUST_000086,UNIQ_000086,55830,Goiânia,GO,2023-11-09 07:14:01
CUST_000087,UNIQ_000087,62227,Belo Horizonte,MG,2023-12-03 08:55:04
CUST_000088,UNIQ_000088,46585,Fortaleza,CE,2023-12-26 20:32:25
CUST_000089,UNIQ_000089,80282,Belo Horizonte,MG,2023-12-06 00:07:56
CUST_000090,UNIQ_000090,33405,Belém,PA,2024-08-17 08:02:06
CUST_000091,UNIQ_000091,55309,Belo Horizonte,MG,2025-01-16 10:27:38
CUST_000092,UNIQ_000092,25157,São Luís,MA,2024-01-30 18:12:16
CUST_000093,UNIQ_000093,67154,São Paulo,SP,2023-01-02 16:59:51
CUST_000094,UNIQ_000094,97900,Rio de Janeiro,RJ,2023-07-21 11:27:04
CUST_000095,UNIQ_000095,53279,Recife,PE,2024-09-30 10:42:54
CUST_000096,UNIQ_000096,49363,São Paulo,SP,2024-06-03 09:42:26
CUST_000097,UNIQ_000097,48752,São Paulo,SP,2024-07-21 04:12:26
CUST_000098,UNIQ_000098,59695,Belo Horizonte,MG,2024-11-24 23:57:11
CUST_000099,UNIQ_000099,49446,Belo Horizonte,MG,2024-02-20 17:53:00
CUST_000100,UNIQ_000100,37549,São Paulo,SP,2024-03-16 18:38:41
CUST_000101,UNIQ_000101,67905,São Paulo,SP,2024-03-28 21:13:32
CUST_000102,UNIQ_000102,32241,Rio de Janeiro,RJ,2024-11-05 02:18:32
CUST_000103,UNIQ_000103,91167,Belo Horizonte,MG,2023-12-10 02:52:48
CUST_000104,UNIQ_000104,50687,São Paulo,SP,2023-08-19 06:09:01
CUST_000105,UNIQ_000105,72277,São Paulo,SP,2024-09-17 02:29:26
CUST_000106,UNIQ_000106,85454,Brasília,DF,2023-07-19 22:44:24
CUST_000107,UNIQ_000107,41979,Rio de Janeiro,RJ,2023-06-01 20:44:00
CUST_000108,UNIQ_000108,23970,Brasília,DF,2025-03-08 13:14:11
CUST_000109,UNIQ_000109,77889,Florianópolis,SC,2024-04-20 01:35:15
CUST_000110,UNIQ_000110,25906,Goiânia,GO,2024-04-12 04:51:29
CUST_000111,UNIQ_000111,83259,Belo Horizonte,MG,2024-09-01 10:48:57
CUST_000112,UNIQ_000112,76162,Rio de Janeiro,RJ,2024-03-12 17:28:57
CUST_000113,UNIQ_000113,72216,São Paulo,SP,2024-04-05 08:48:15
CUST_000114,UNIQ_000114,46347,Florianópolis,SC,2025-02-23 16:31:40
CUST_000115,UNIQ_000115,67654,São Paulo,SP,2023-03-21 22:18:15
CUST_000116,UNIQ_000116,51904,São Paulo,SP,2024-07-07 02:08:09
CUST_000117,UNIQ_000117,30028,São Paulo,SP,2024-12-24 06:04:26
CUST_000118,UNIQ_000118,81121,São Paulo,SP,2024-04-22 13:03:13
CUST_000119,UNIQ_000119,61049,Florianópolis,SC,2025-02-27 18:44:01
CUST_000120,UNIQ_000120,85456,Salvador,BA,2024-01-25 15:00:22
CUST_000121,UNIQ_000121,61116,São Paulo,SP,2024-03-05 17:47:47
CUST_000122,UNIQ_000122,89069,Rio de Janeiro,RJ,2023-08-14 15:14:17
CUST_000123,UNIQ_000123,13804,Rio de Janeiro,RJ,2024-02-03 10:42:43
CUST_000124,UNIQ_000124,31632,Curitiba,PR,2024-04-23 04:39:34
CUST_000125,UNIQ_000125,61645,São Paulo,SP,2024-08-29 18:42:01
CUST_000126,UNIQ_000126,66179,São Paulo,SP,2023-05-19 14:11:03
CUST_000127,UNIQ_000127,52906,São Paulo,SP,2023-08-05 14:20:21
CUST_000128,UNIQ_000128,59692,Curitiba,PR,2023-10-12 13:16:53
CUST_000129,UNIQ_000129,12540,São Paulo,SP,2025-02-06 17:03:22
CUST_000130,UNIQ_000130,18993,São Paulo,SP,2025-03-10 20:02:48
CUST_000131,UNIQ_000131,42411,São Paulo,SP,2023-07-24 00:39:09
CUST_000132,UNIQ_000132,72070,São Paulo,SP,2024-11-16 03:36:13
CUST_000133,UNIQ_000133,43586,Rio de Janeiro,RJ,2025-02-24 11:10:38
CUST_000134,UNIQ_000134,25012,Belo Horizonte,MG,2025-03-07 05:19:06
CUST_000135,UNIQ_000135,50888,Belo Horizonte,MG,2024-08-12 21:58:24
CUST_000136,UNIQ_000136,35995,São Paulo,SP,2023-03-19 18:44:53
CUST_000137,UNIQ_000137,23356,Belo Horizonte,MG,2024-12-14 09:54:43
CUST_000138,UNIQ_000138,25866,Belo Horizonte,MG,2025-03-26 18:50:02
CUST_000139,UNIQ_000139,66148,São Paulo,SP,2024-11-08 11:04:32
CUST_000140,UNIQ_000140,11658,Belo Horizonte,MG,2024-03-06 15:06:27
CUST_000141,UNIQ_000141,93307,Fortaleza,CE,2025-04-28 14:45:09
CUST_000142,UNIQ_000142,78386,Rio de Janeiro,RJ,2024-10-28 08:39:51
CUST_000143,UNIQ_000143,73372,Goiânia,GO,2024-04-21 13:52:46
CUST_000144,UNIQ_000144,52245,Belo Horizonte,MG,2023-09-09 02:17:56
CUST_000145,UNIQ_000145,70910,Rio de Janeiro,RJ,2024-08-06 19:42:24
CUST_000146,UNIQ_000146,74789,São Paulo,SP,2023-11-29 05:31:13
CUST_000147,UNIQ_000147,43862,São Paulo,SP,2023-12-15 08:56:38
CUST_000148,UNIQ_000148,46211,Porto Alegre,RS,2024-07-23 00:33:12
CUST_000149,UNIQ_000149,63271,São Paulo,SP,2024-05-15 17:48:15
CUST_000150,UNIQ_000150,94659,Porto Alegre,RS,2024-12-29 15:28:50
CUST_000151,UNIQ_000151,48566,São Paulo,SP,2023-08-15 12:44:15
CUST_000152,UNIQ_000152,86225,São Paulo,SP,2024-01-13 15:35:33
CUST_000153,UNIQ_000153,82140,São Paulo,SP,2023-12-05 11:44:29
CUST_000154,UNIQ_000154,42951,São Paulo,SP,2023-08-25 03:46:12
CUST_000155,UNIQ_000155,80236,São Paulo,SP,2025-02-19 22:11:12
CUST_000156,UNIQ_000156,73464,São Paulo,SP,2023-10-11 23:37:48
CUST_000157,UNIQ_000157,47093,Rio de Janeiro,RJ,2023-04-13 06:18:14
CUST_000158,UNIQ_000158,49618,São Paulo,SP,2023-01-15 22:34:08
CUST_000159,UNIQ_000159,17146,São Paulo,SP,2024-07-20 09:44:08
CUST_000160,UNIQ_000160,74340,Belo Horizonte,MG,2023-04-16 00:36:18
CUST_000161,UNIQ_000161,67733,Rio de Janeiro,RJ,2023-12-15 05:03:16
CUST_000162,UNIQ_000162,72616,Recife,PE,2023-04-27 02:25:31
CUST_000163,UNIQ_000163,92502,São Paulo,SP,2024-12-03 01:09:09
CUST_000164,UNIQ_000164,49824,Florianópolis,SC,2023-03-29 07:07:35
CUST_000165,UNIQ_000165,89471,Curitiba,PR,2024-09-02 19:14:49
CUST_000166,UNIQ_000166,69049,Rio de Janeiro,RJ,2024-03-29 09:55:37
CUST_000167,UNIQ_000167,50026,Cuiabá,MT,2024-08-05 19:03:39
CUST_000168,UNIQ_000168,23006,Fortaleza,CE,2025-02-20 06:40:13
CUST_000169,UNIQ_000169,20641,São Paulo,SP,2023-06-10 07:11:35
CUST_000170,UNIQ_000170,10350,São Paulo,SP,2024-02-23 14:44:38
CUST_000171,UNIQ_000171,14278,Rio de Janeiro,RJ,2023-08-26 09:45:18
CUST_000172,UNIQ_000172,69510,Porto Alegre,RS,2023-03-14 21:14:59
CUST_000173,UNIQ_000173,91927,São Paulo,SP,2024-08-26 21:51:59
CUST_000174,UNIQ_000174,25043,São Paulo,SP,2024-07-11 07:41:09
CUST_000175,UNIQ_000175,28643,Goiânia,GO,2023-03-15 01:10:50
CUST_000176,UNIQ_000176,84607,São Paulo,SP,2023-10-23 14:07:29
CUST_000177,UNIQ_000177,62757,Porto Alegre,RS,2023-10-06 16:34:31
CUST_000178,UNIQ_000178,88385,Rio de Janeiro,RJ,2023-02-10 13:47:20
CUST_000179,UNIQ_000179,13390,Belo Horizonte,MG,2023-04-04 07:43:53
CUST_000180,UNIQ_000180,86955,Salvador,BA,2023-01-22 21:52:17
CUST_000181,UNIQ_000181,32962,Belo Horizonte,MG,2024-04-26 16:41:28
CUST_000182,UNIQ_000182,33788,Goiânia,GO,2024-08-22 13:40:52
CUST_000183,UNIQ_000183,21959,Rio de Janeiro,RJ,2024-04-26 11:26:21
CUST_000184,UNIQ_000184,23710,São Paulo,SP,2023-06-14 10:26:44
CUST_000185,UNIQ_000185,96846,Rio de Janeiro,RJ,2024-02-15 17:02:29
CUST_000186,UNIQ_000186,43082,São Paulo,SP,2023-11-28 03:49:25
CUST_000187,UNIQ_000187,10150,Salvador,BA,2024-11-04 17:29:26
CUST_000188,UNIQ_000188,77952,São Paulo,SP,2024-01-06 19:48:31
CUST_000189,UNIQ_000189,16764,Belo Horizonte,MG,2023-07-28 08:35:08
CUST_000190,UNIQ_000190,67424,Vitória,ES,2024-12-16 15:07:01
CUST_000191,UNIQ_000191,89806,Belém,PA,2025-03-29 07:45:10
CUST_000192,UNIQ_000192,11792,São Paulo,SP,2024-07-19 13:05:14
CUST_000193,UNIQ_000193,24871,Cuiabá,MT,2024-04-17 03:41:53
CUST_000194,UNIQ_000194,48254,São Paulo,SP,2024-06-05 22:17:26
CUST_000195,UNIQ_000195,71894,Florianópolis,SC,2023-09-07 14:35:09
CUST_000196,UNIQ_000196,88561,São Paulo,SP,2024-06-04 23:56:08
CUST_000197,UNIQ_000197,46208,Salvador,BA,2025-03-02 13:21:59
CUST_000198,UNIQ_000198,45018,Curitiba,PR,2025-04-20 00:18:46
CUST_000199,UNIQ_000199,86931,São Paulo,SP,2024-08-16 21:31:55
CUST_000200,UNIQ_000200,80592,São Paulo,SP,2024-05-10 11:21:35
CUST_000201,UNIQ_000201,59441,Curitiba,PR,2024-04-11 10:55:12
CUST_000202,UNIQ_000202,41300,São Luís,MA,2024-08-08 12:14:54
CUST_000203,UNIQ_000203,15720,Curitiba,PR,2023-11-22 23:30:45
CUST_000204,UNIQ_000204,59968,Goiânia,GO,2024-01-31 21:50:52
CUST_000205,UNIQ_000205,29936,Belo Horizonte,MG,2024-05-22 01:08:32
CUST_000206,UNIQ_000206,53515,Fortaleza,CE,2023-04-13 14:06:33
CUST_000207,UNIQ_000207,12011,Goiânia,GO,2025-01-09 04:26:55
CUST_000208,UNIQ_000208,30232,Belo Horizonte,MG,2023-03-18 15:50:16
CUST_000209,UNIQ_000209,62098,São Paulo,SP,2024-10-27 02:54:21
CUST_000210,UNIQ_000210,79942,Salvador,BA,2024-01-25 10:40:45
CUST_000211,UNIQ_000211,73956,Brasília,DF,2024-07-08 01:39:04
CUST_000212,UNIQ_000212,99705,São Paulo,SP,2023-10-22 07:47:05
CUST_000213,UNIQ_000213,22903,Rio de Janeiro,RJ,2025-02-17 20:45:55
CUST_000214,UNIQ_000214,31805,São Paulo,SP,2024-12-11 09:57:01
CUST_000215,UNIQ_000215,17355,São Paulo,SP,2023-10-28 11:23:27
CUST_000216,UNIQ_000216,79621,São Paulo,SP,2024-02-26 18:43:50
CUST_000217,UNIQ_000217,32946,São Paulo,SP,2023-03-22 19:55:24
CUST_000218,UNIQ_000218,41566,Belo Horizonte,MG,2024-05-24 18:09:14
CUST_000219,UNIQ_000219,43289,Rio de Janeiro,RJ,2024-04-15 08:42:00
CUST_000220,UNIQ_000220,70981,Brasília,DF,2023-10-22 21:34:10
CUST_000221,UNIQ_000221,55293,São Paulo,SP,2024-08-24 09:40:27
CUST_000222,UNIQ_000222,69878,Porto Alegre,RS,2023-11-06 06:24:54
CUST_000223,UNIQ_000223,41091,Rio de Janeiro,RJ,2024-01-26 18:22:36
CUST_000224,UNIQ_000224,48696,São Paulo,SP,2023-01-23 21:25:17
CUST_000225,UNIQ_000225,99889,São Paulo,SP,2025-03-07 23:03:58
CUST_000226,UNIQ_000226,75107,Belo Horizonte,MG,2023-10-21 07:38:51
CUST_000227,UNIQ_000227,93442,São Paulo,SP,2023-07-14 19:16:43
CUST_000228,UNIQ_000228,96400,Curitiba,PR,2024-11-28 04:40:06
CUST_000229,UNIQ_000229,94717,Goiânia,GO,2023-02-10 09:50:28
CUST_000230,UNIQ_000230,57823,São Paulo,SP,2025-01-19 04:05:58
CUST_000231,UNIQ_000231,64460,São Paulo,SP,2023-06-29 06:08:50
CUST_000232,UNIQ_000232,57953,Rio de Janeiro,RJ,2024-06-27 16:58:17
CUST_000233,UNIQ_000233,43681,Florianópolis,SC,2025-04-24 15:51:18
CUST_000234,UNIQ_000234,54396,Curitiba,PR,2025-04-03 03:29:04
CUST_000235,UNIQ_000235,39571,São Paulo,SP,2024-11-23 23:43:25
CUST_000236,UNIQ_000236,83048,Fortaleza,CE,2024-01-10 02:50:25
CUST_000237,UNIQ_000237,80329,São Paulo,SP,2023-05-07 14:23:43
CUST_000238,UNIQ_000238,44362,Curitiba,PR,2024-08-21 12:52:40
CUST_000239,UNIQ_000239,24201,Recife,PE,2024-11-22 07:30:01
CUST_000240,UNIQ_000240,83584,Belo Horizonte,MG,2023-12-02 19:14:41
CUST_000241,UNIQ_000241,70852,São Paulo,SP,2024-12-18 09:41:26
CUST_000242,UNIQ_000242,15943,São Paulo,SP,2023-02-08 09:31:07
CUST_000243,UNIQ_000243,80457,São Paulo,SP,2023-05-19 12:29:23
CUST_000244,UNIQ_000244,80804,Belo Horizonte,MG,2024-03-05 18:47:46
CUST_000245,UNIQ_000245,64379,São Paulo,SP,2024-11-01 03:53:31
CUST_000246,UNIQ_000246,46666,Belo Horizonte,MG,2023-02-03 22:23:13
CUST_000247,UNIQ_000247,40947,Rio de Janeiro,RJ,2024-01-07 03:43:23
CUST_000248,UNIQ_000248,94518,Rio de Janeiro,RJ,2024-01-03 01:25:17
CUST_000249,UNIQ_000249,26011,São Paulo,SP,2025-04-23 14:05:42
CUST_000250,UNIQ_000250,93819,São Paulo,SP,2024-09-03 00:03:50
CUST_000251,UNIQ_000251,26505,São Paulo,SP,2025-03-16 18:13:04
CUST_000252,UNIQ_000252,82641,Florianópolis,SC,2023-08-01 18:13:52
CUST_000253,UNIQ_000253,53064,Salvador,BA,2025-03-03 04:50:57
CUST_000254,UNIQ_000254,46342,Belo Horizonte,MG,2023-05-29 04:34:16
CUST_000255,UNIQ_000255,24408,Curitiba,PR,2024-11-07 00:08:00
CUST_000256,UNIQ_000256,41186,São Paulo,SP,2024-08-25 10:01:11
CUST_000257,UNIQ_000257,26614,São Paulo,SP,2025-01-29 13:33:07
CUST_000258,UNIQ_000258,72422,Curitiba,PR,2024-04-04 11:32:37
CUST_000259,UNIQ_000259,76039,São Paulo,SP,2023-08-15 19:02:46
CUST_000260,UNIQ_000260,96363,Curitiba,PR,2024-06-17 09:29:41
CUST_000261,UNIQ_000261,17972,Fortaleza,CE,2024-05-05 12:27:43
CUST_000262,UNIQ_000262,68138,São Paulo,SP,2023-03-17 02:20:38
CUST_000263,UNIQ_000263,26540,São Paulo,SP,2023-10-09 19:40:37
CUST_000264,UNIQ_000264,52622,Rio de Janeiro,RJ,2024-01-26 19:33:18
CUST_000265,UNIQ_000265,89354,Rio de Janeiro,RJ,2024-03-16 03:50:44
CUST_000266,UNIQ_000266,95814,São Paulo,SP,2024-10-28 17:46:55
CUST_000267,UNIQ_000267,69186,São Paulo,SP,2023-08-22 13:21:52
CUST_000268,UNIQ_000268,64524,Rio de Janeiro,RJ,2025-01-17 03:20:27
CUST_000269,UNIQ_000269,43408,São Paulo,SP,2024-01-19 04:43:59
CUST_000270,UNIQ_000270,21957,Rio de Janeiro,RJ,2023-03-29 02:27:06
CUST_000271,UNIQ_000271,58843,Curitiba,PR,2025-04-11 04:35:03
CUST_000272,UNIQ_000272,83608,Belo Horizonte,MG,2024-07-29 10:42:07
CUST_000273,UNIQ_000273,97207,São Paulo,SP,2025-02-07 13:55:58
CUST_000274,UNIQ_000274,47700,Porto Alegre,RS,2024-09-06 09:22:06
CUST_000275,UNIQ_000275,37884,Belo Horizonte,MG,2023-06-08 21:30:14
CUST_000276,UNIQ_000276,55890,Salvador,BA,2024-07-23 11:07:48
CUST_000277,UNIQ_000277,39643,São Paulo,SP,2025-04-06 13:54:35
CUST_000278,UNIQ_000278,91490,Belém,PA,2024-09-20 21:41:35
CUST_000279,UNIQ_000279,96223,São Paulo,SP,2025-04-29 22:17:01
CUST_000280,UNIQ_000280,50499,São Paulo,SP,2023-12-14 11:00:11
CUST_000281,UNIQ_000281,84228,Salvador,BA,2024-11-04 12:04:09
CUST_000282,UNIQ_000282,14018,Porto Alegre,RS,2023-04-04 23:33:13
CUST_000283,UNIQ_000283,69460,São Paulo,SP,2023-12-16 05:23:19
CUST_000284,UNIQ_000284,84395,Porto Alegre,RS,2024-09-02 02:56:03
CUST_000285,UNIQ_000285,90981,São Paulo,SP,2023-02-20 21:05:17
CUST_000286,UNIQ_000286,65576,Rio de Janeiro,RJ,2024-05-12 19:28:26
CUST_000287,UNIQ_000287,77154,São Paulo,SP,2023-04-27 11:27:07
CUST_000288,UNIQ_000288,98930,São Paulo,SP,2024-08-30 15:33:42
CUST_000289,UNIQ_000289,38903,São Paulo,SP,2024-02-09 19:03:00
CUST_000290,UNIQ_000290,37686,São Paulo,SP,2025-02-24 04:48:16
CUST_000291,UNIQ_000291,25726,São Paulo,SP,2023-01-08 15:47:27
CUST_000292,UNIQ_000292,59834,São Paulo,SP,2024-06-29 22:14:32
CUST_000293,UNIQ_000293,97562,Rio de Janeiro,RJ,2025-04-05 11:04:25
CUST_000294,UNIQ_000294,15544,Salvador,BA,2024-03-22 00:29:58
CUST_000295,UNIQ_000295,51033,São Paulo,SP,2024-08-12 13:36:25
CUST_000296,UNIQ_000296,64747,Porto Alegre,RS,2023-10-24 03:25:01
CUST_000297,UNIQ_000297,32527,Fortaleza,CE,2025-03-31 19:29:53
CUST_000298,UNIQ_000298,57428,Porto Alegre,RS,2023-04-01 13:54:06
CUST_000299,UNIQ_000299,87184,São Paulo,SP,2024-02-15 16:05:25
CUST_000300,UNIQ_000300,54500,Salvador,BA,2023-08-15 10:49:10
CUST_000301,UNIQ_000301,92998,São Paulo,SP,2023-04-27 16:32:12
CUST_000302,UNIQ_000302,55793,Goiânia,GO,2023-12-26 23:52:41
CUST_000303,UNIQ_000303,40968,Florianópolis,SC,2023-04-16 04:16:12
CUST_000304,UNIQ_000304,30036,São Paulo,SP,2025-02-17 20:04:11
CUST_000305,UNIQ_000305,92306,Recife,PE,2024-05-20 14:48:36
CUST_000306,UNIQ_000306,68838,Curitiba,PR,2024-11-28 18:41:40
CUST_000307,UNIQ_000307,52363,Cuiabá,MT,2024-10-04 10:09:28
CUST_000308,UNIQ_000308,67961,São Paulo,SP,2024-10-08 09:50:17
CUST_000309,UNIQ_000309,56129,Belo Horizonte,MG,2024-06-03 02:19:29
CUST_000310,UNIQ_000310,17456,Rio de Janeiro,RJ,2024-01-13 09:04:41
CUST_000311,UNIQ_000311,21835,Salvador,BA,2024-09-21 19:32:24
CUST_000312,UNIQ_000312,82655,Rio de Janeiro,RJ,2025-03-21 23:57:02
CUST_000313,UNIQ_000313,84928,Rio de Janeiro,RJ,2024-10-29 06:20:38
CUST_000314,UNIQ_000314,29773,Rio de Janeiro,RJ,2023-03-05 14:06:51
CUST_000315,UNIQ_000315,55015,Brasília,DF,2025-01-01 02:32:41
CUST_000316,UNIQ_000316,42472,São Paulo,SP,2024-12-25 14:28:33
CUST_000317,UNIQ_000317,30807,Rio de Janeiro,RJ,2024-01-08 11:58:18
CUST_000318,UNIQ_000318,54350,São Paulo,SP,2024-11-26 19:03:50
CUST_000319,UNIQ_000319,53863,Belo Horizonte,MG,2023-03-09 10:06:35
CUST_000320,UNIQ_000320,47243,Belo Horizonte,MG,2023-09-16 23:54:42
CUST_000321,UNIQ_000321,88997,Fortaleza,CE,2023-06-03 10:05:37
CUST_000322,UNIQ_000322,55851,Belo Horizonte,MG,2023-11-14 20:44:42
CUST_000323,UNIQ_000323,87993,São Paulo,SP,2024-12-26 02:19:35
CUST_000324,UNIQ_000324,53054,São Paulo,SP,2025-04-12 04:42:44
CUST_000325,UNIQ_000325,99838,Florianópolis,SC,2024-06-23 02:41:42
CUST_000326,UNIQ_000326,57425,São Paulo,SP,2023-01-19 11:19:11
CUST_000327,UNIQ_000327,54791,Recife,PE,2025-02-23 15:12:14
CUST_000328,UNIQ_000328,30308,Campo Grande,MS,2023-03-21 09:54:50
CUST_000329,UNIQ_000329,80748,São Paulo,SP,2025-01-26 16:02:42
CUST_000330,UNIQ_000330,91006,São Paulo,SP,2023-05-15 19:24:09
CUST_000331,UNIQ_000331,91885,São Paulo,SP,2025-04-08 05:46:28
CUST_000332,UNIQ_000332,57749,São Paulo,SP,2024-11-23 23:15:28
CUST_000333,UNIQ_000333,68841,Belo Horizonte,MG,2023-08-28 17:15:19
CUST_000334,UNIQ_000334,71474,Fortaleza,CE,2023-07-18 11:43:36
CUST_000335,UNIQ_000335,70513,São Luís,MA,2025-02-26 09:49:24
CUST_000336,UNIQ_000336,64874,Rio de Janeiro,RJ,2023-06-15 06:51:38
CUST_000337,UNIQ_000337,42768,São Paulo,SP,2023-02-23 20:30:55
CUST_000338,UNIQ_000338,23446,São Paulo,SP,2024-12-29 16:54:07
CUST_000339,UNIQ_000339,31012,São Paulo,SP,2023-10-07 14:57:32
CUST_000340,UNIQ_000340,67340,São Paulo,SP,2023-04-04 07:52:28
CUST_000341,UNIQ_000341,13495,Brasília,DF,2024-02-29 01:25:32
CUST_000342,UNIQ_000342,60615,São Paulo,SP,2023-03-25 11:14:01
CUST_000343,UNIQ_000343,22987,São Paulo,SP,2025-01-01 20:21:50
CUST_000344,UNIQ_000344,15020,São Paulo,SP,2023-10-21 15:44:53
CUST_000345,UNIQ_000345,71487,São Paulo,SP,2024-04-04 19:00:57
CUST_000346,UNIQ_000346,43544,São Paulo,SP,2023-08-09 04:35:46
CUST_000347,UNIQ_000347,65476,Belo Horizonte,MG,2023-04-24 09:15:19
CUST_000348,UNIQ_000348,41252,São Paulo,SP,2024-03-05 20:50:39
CUST_000349,UNIQ_000349,24530,Rio de Janeiro,RJ,2024-05-26 19:34:01
CUST_000350,UNIQ_000350,85372,Belo Horizonte,MG,2023-09-05 22:09:18
CUST_000351,UNIQ_000351,90584,São Paulo,SP,2023-12-28 07:36:26
CUST_000352,UNIQ_000352,97584,São Paulo,SP,2023-03-29 16:23:04
CUST_000353,UNIQ_000353,81313,Recife,PE,2024-06-03 16:35:01
CUST_000354,UNIQ_000354,71621,São Paulo,SP,2023-02-14 20:24:23
CUST_000355,UNIQ_000355,12128,São Paulo,SP,2024-01-01 02:22:15
CUST_000356,UNIQ_000356,92346,Porto Alegre,RS,2023-04-17 18:47:48
CUST_000357,UNIQ_000357,15811,São Paulo,SP,2023-12-27 17:21:52
CUST_000358,UNIQ_000358,99742,Belo Horizonte,MG,2024-04-20 22:30:40
CUST_000359,UNIQ_000359,27675,São Paulo,SP,2023-03-06 22:49:29
CUST_000360,UNIQ_000360,36422,São Paulo,SP,2023-02-14 06:56:02
CUST_000361,UNIQ_000361,50642,São Paulo,SP,2024-06-11 12:52:34
CUST_000362,UNIQ_000362,14799,Rio de Janeiro,RJ,2025-02-10 20:12:18
CUST_000363,UNIQ_000363,16265,São Paulo,SP,2024-11-02 10:17:07
CUST_000364,UNIQ_000364,67272,Florianópolis,SC,2024-02-14 23:28:57
CUST_000365,UNIQ_000365,54438,Fortaleza,CE,2023-07-11 15:44:31
CUST_000366,UNIQ_000366,78062,São Paulo,SP,2023-10-01 02:46:27
CUST_000367,UNIQ_000367,88964,São Paulo,SP,2025-04-22 05:34:18
CUST_000368,UNIQ_000368,20494,São Paulo,SP,2023-12-02 21:18:19
CUST_000369,UNIQ_000369,65851,Rio de Janeiro,RJ,2023-06-20 22:28:22
CUST_000370,UNIQ_000370,56210,Rio de Janeiro,RJ,2024-09-21 13:17:40
CUST_000371,UNIQ_000371,17518,São Luís,MA,2023-03-18 21:40:25
CUST_000372,UNIQ_000372,99051,São Paulo,SP,2023-06-13 00:09:54
CUST_000373,UNIQ_000373,67432,Belo Horizonte,MG,2023-02-05 04:04:15
CUST_000374,UNIQ_000374,58015,Curitiba,PR,2024-01-06 12:36:02
CUST_000375,UNIQ_000375,99006,Belo Horizonte,MG,2024-04-05 11:23:28
CUST_000376,UNIQ_000376,85225,Curitiba,PR,2023-05-21 16:23:25
CUST_000377,UNIQ_000377,46528,São Paulo,SP,2023-09-13 03:01:47
CUST_000378,UNIQ_000378,77861,São Paulo,SP,2024-02-01 17:07:16
CUST_000379,UNIQ_000379,68493,Curitiba,PR,2023-08-08 19:18:44
CUST_000380,UNIQ_000380,74382,Goiânia,GO,2023-07-24 03:08:54
CUST_000381,UNIQ_000381,32630,São Paulo,SP,2024-12-31 14:05:51
CUST_000382,UNIQ_000382,51889,Belo Horizonte,MG,2024-11-14 11:45:04
CUST_000383,UNIQ_000383,48058,Rio de Janeiro,RJ,2023-11-04 05:45:45
CUST_000384,UNIQ_000384,93584,Vitória,ES,2023-06-28 11:32:14
CUST_000385,UNIQ_000385,36342,São Paulo,SP,2025-03-22 04:15:50
CUST_000386,UNIQ_000386,57303,Rio de Janeiro,RJ,2024-07-21 18:23:29
CUST_000387,UNIQ_000387,82305,Florianópolis,SC,2023-05-13 19:56:05
CUST_000388,UNIQ_000388,62187,São Paulo,SP,2025-01-04 23:30:33
CUST_000389,UNIQ_000389,63665,São Paulo,SP,2025-04-23 18:04:08
CUST_000390,UNIQ_000390,94192,Belém,PA,2023-03-17 14:29:43
CUST_000391,UNIQ_000391,26821,Rio de Janeiro,RJ,2025-04-28 17:40:37
CUST_000392,UNIQ_000392,26912,São Paulo,SP,2024-03-19 16:58:55
CUST_000393,UNIQ_000393,26274,São Paulo,SP,2024-06-14 04:19:10
CUST_000394,UNIQ_000394,39552,São Paulo,SP,2023-12-21 16:57:18
CUST_000395,UNIQ_000395,42847,Salvador,BA,2023-07-21 20:35:17
CUST_000396,UNIQ_000396,49691,São Paulo,SP,2024-09-21 17:05:32
CUST_000397,UNIQ_000397,87569,Belo Horizonte,MG,2024-08-17 04:10:42
CUST_000398,UNIQ_000398,89316,Belo Horizonte,MG,2023-12-12 18:02:52
CUST_000399,UNIQ_000399,20646,Salvador,BA,2023-02-16 20:49:36
CUST_000400,UNIQ_000400,37631,São Paulo,SP,2025-02-24 18:26:39
CUST_000401,UNIQ_000401,75278,Belo Horizonte,MG,2024-10-04 17:18:41
CUST_000402,UNIQ_000402,73300,Fortaleza,CE,2023-09-08 21:25:19
CUST_000403,UNIQ_000403,17852,Rio de Janeiro,RJ,2023-06-11 14:26:30
CUST_000404,UNIQ_000404,54589,Rio de Janeiro,RJ,2024-09-13 04:20:55
CUST_000405,UNIQ_000405,55268,Porto Alegre,RS,2024-02-13 04:48:23
CUST_000406,UNIQ_000406,23917,Rio de Janeiro,RJ,2023-11-23 07:29:07
CUST_000407,UNIQ_000407,42495,São Paulo,SP,2023-05-25 03:03:18
CUST_000408,UNIQ_000408,90658,Recife,PE,2024-03-04 07:55:57
CUST_000409,UNIQ_000409,52917,São Paulo,SP,2024-08-14 23:20:12
CUST_000410,UNIQ_000410,75308,Curitiba,PR,2024-06-11 14:31:56
CUST_000411,UNIQ_000411,13037,São Paulo,SP,2023-04-03 12:32:29
CUST_000412,UNIQ_000412,38199,Fortaleza,CE,2024-08-20 11:03:03
CUST_000413,UNIQ_000413,88317,São Paulo,SP,2024-10-31 21:30:18
CUST_000414,UNIQ_000414,24089,Rio de Janeiro,RJ,2024-03-17 04:56:16
CUST_000415,UNIQ_000415,62855,Porto Alegre,RS,2024-01-10 01:25:03
CUST_000416,UNIQ_000416,35513,Belo Horizonte,MG,2024-01-07 17:18:04
CUST_000417,UNIQ_000417,69028,São Paulo,SP,2025-02-21 17:17:52
CUST_000418,UNIQ_000418,99181,Cuiabá,MT,2024-09-17 03:08:06
CUST_000419,UNIQ_000419,54444,São Paulo,SP,2024-07-25 11:48:09
CUST_000420,UNIQ_000420,76731,São Paulo,SP,2024-02-16 16:02:02
CUST_000421,UNIQ_000421,53652,São Paulo,SP,2025-04-03 15:33:29
CUST_000422,UNIQ_000422,77568,São Paulo,SP,2023-05-24 10:59:39
CUST_000423,UNIQ_000423,61505,São Paulo,SP,2024-09-23 23:53:19
CUST_000424,UNIQ_000424,76494,Belo Horizonte,MG,2025-04-28 16:34:31
CUST_000425,UNIQ_000425,49294,Porto Alegre,RS,2024-05-01 00:23:21
CUST_000426,UNIQ_000426,64596,Belo Horizonte,MG,2024-08-20 09:50:57
CUST_000427,UNIQ_000427,92478,Porto Alegre,RS,2023-01-28 19:30:16
CUST_000428,UNIQ_000428,85821,Fortaleza,CE,2024-08-14 07:46:03
CUST_000429,UNIQ_000429,32349,Belo Horizonte,MG,2024-06-20 20:46:39
CUST_000430,UNIQ_000430,59832,Curitiba,PR,2023-06-01 21:15:02
CUST_000431,UNIQ_000431,24404,Belo Horizonte,MG,2023-07-15 00:28:20
CUST_000432,UNIQ_000432,64127,São Paulo,SP,2024-12-08 06:26:32
CUST_000433,UNIQ_000433,71814,Curitiba,PR,2025-01-23 23:03:45
CUST_000434,UNIQ_000434,37176,São Paulo,SP,2024-07-28 10:42:30
CUST_000435,UNIQ_000435,51124,Rio de Janeiro,RJ,2023-06-27 14:58:34
CUST_000436,UNIQ_000436,56437,São Paulo,SP,2024-11-23 23:43:41
CUST_000437,UNIQ_000437,44650,Florianópolis,SC,2024-09-16 15:12:15
CUST_000438,UNIQ_000438,49124,São Paulo,SP,2023-08-19 09:49:18
CUST_000439,UNIQ_000439,74094,Porto Alegre,RS,2023-11-21 15:22:35
CUST_000440,UNIQ_000440,45842,Vitória,ES,2023-10-22 03:36:43
CUST_000441,UNIQ_000441,61712,Rio de Janeiro,RJ,2025-04-18 11:49:51
CUST_000442,UNIQ_000442,15513,São Paulo,SP,2023-10-22 22:05:22
CUST_000443,UNIQ_000443,95979,Vitória,ES,2023-09-20 23:30:13
CUST_000444,UNIQ_000444,80592,São Paulo,SP,2023-10-05 17:44:17
CUST_000445,UNIQ_000445,90698,São Paulo,SP,2025-01-28 18:15:15
CUST_000446,UNIQ_000446,79604,São Paulo,SP,2023-08-20 20:14:03
CUST_000447,UNIQ_000447,53292,São Paulo,SP,2025-01-04 15:06:43
CUST_000448,UNIQ_000448,10679,Curitiba,PR,2024-07-17 05:26:41
CUST_000449,UNIQ_000449,72350,Vitória,ES,2024-05-03 20:12:48
CUST_000450,UNIQ_000450,52096,Fortaleza,CE,2023-10-20 20:03:58
CUST_000451,UNIQ_000451,95498,Curitiba,PR,2024-08-10 07:34:47
CUST_000452,UNIQ_000452,14888,Porto Alegre,RS,2023-06-29 13:56:53
CUST_000453,UNIQ_000453,14763,São Paulo,SP,2024-02-11 15:11:59
CUST_000454,UNIQ_000454,47941,Curitiba,PR,2023-02-08 00:19:36
CUST_000455,UNIQ_000455,53914,Belo Horizonte,MG,2023-10-19 14:41:34
CUST_000456,UNIQ_000456,27589,Rio de Janeiro,RJ,2024-05-31 14:17:12
CUST_000457,UNIQ_000457,53343,Florianópolis,SC,2023-06-16 23:29:41
CUST_000458,UNIQ_000458,34405,São Paulo,SP,2023-01-15 23:21:50
CUST_000459,UNIQ_000459,98395,São Paulo,SP,2025-02-14 06:11:39
CUST_000460,UNIQ_000460,63148,Salvador,BA,2025-04-26 13:32:20
CUST_000461,UNIQ_000461,97720,São Paulo,SP,2023-04-08 05:08:30
CUST_000462,UNIQ_000462,42512,São Paulo,SP,2023-01-07 08:24:15
CUST_000463,UNIQ_000463,44995,Rio de Janeiro,RJ,2023-12-04 09:37:46
CUST_000464,UNIQ_000464,44282,Belo Horizonte,MG,2024-10-31 11:44:15
CUST_000465,UNIQ_000465,25495,São Paulo,SP,2024-04-21 09:10:25
CUST_000466,UNIQ_000466,50760,Porto Alegre,RS,2024-12-07 03:40:58
CUST_000467,UNIQ_000467,58174,Recife,PE,2024-09-21 07:14:08
CUST_000468,UNIQ_000468,69634,Rio de Janeiro,RJ,2025-02-04 19:23:26
CUST_000469,UNIQ_000469,71712,Porto Alegre,RS,2025-02-14 17:51:42
CUST_000470,UNIQ_000470,42435,Florianópolis,SC,2024-11-27 19:55:50
CUST_000471,UNIQ_000471,68556,São Paulo,SP,2024-06-24 22:23:04
CUST_000472,UNIQ_000472,24707,Goiânia,GO,2023-03-05 17:57:32
CUST_000473,UNIQ_000473,80341,São Paulo,SP,2023-06-03 05:20:54
CUST_000474,UNIQ_000474,25235,Rio de Janeiro,RJ,2024-11-27 06:45:37
CUST_000475,UNIQ_000475,76895,Rio de Janeiro,RJ,2024-04-01 01:29:08
CUST_000476,UNIQ_000476,69873,Rio de Janeiro,RJ,2024-07-31 01:35:29
CUST_000477,UNIQ_000477,50392,Belo Horizonte,MG,2025-01-10 00:25:16
CUST_000478,UNIQ_000478,38560,Florianópolis,SC,2024-08-15 02:02:27
CUST_000479,UNIQ_000479,18357,São Paulo,SP,2024-07-08 01:59:57
CUST_000480,UNIQ_000480,71875,São Paulo,SP,2023-02-02 09:26:11
CUST_000481,UNIQ_000481,94085,Curitiba,PR,2025-01-16 20:26:23
CUST_000482,UNIQ_000482,60132,Cuiabá,MT,2024-04-04 12:24:05
CUST_000483,UNIQ_000483,96742,Porto Alegre,RS,2024-07-06 04:41:55
CUST_000484,UNIQ_000484,33392,São Paulo,SP,2024-07-04 12:33:08
CUST_000485,UNIQ_000485,39188,Porto Alegre,RS,2023-01-04 00:19:29
CUST_000486,UNIQ_000486,81361,Belo Horizonte,MG,2024-03-10 17:24:52
CUST_000487,UNIQ_000487,70375,São Paulo,SP,2023-12-21 04:17:12
CUST_000488,UNIQ_000488,24790,Vitória,ES,2023-02-02 21:26:39
CUST_000489,UNIQ_000489,12050,Curitiba,PR,2023-09-04 06:04:06
CUST_000490,UNIQ_000490,68515,Belo Horizonte,MG,2024-09-04 21:45:55
CUST_000491,UNIQ_000491,15798,São Paulo,SP,2024-02-16 14:14:34
CUST_000492,UNIQ_000492,17398,São Paulo,SP,2023-05-24 16:18:14
CUST_000493,UNIQ_000493,85511,Florianópolis,SC,2023-11-23 18:38:49
CUST_000494,UNIQ_000494,52030,Belo Horizonte,MG,2023-08-31 09:56:09
CUST_000495,UNIQ_000495,78321,São Luís,MA,2023-08-15 13:19:17
CUST_000496,UNIQ_000496,87550,São Paulo,SP,2025-01-22 05:40:43
CUST_000497,UNIQ_000497,74962,São Paulo,SP,2023-02-18 11:41:42
CUST_000498,UNIQ_000498,78742,São Paulo,SP,2023-11-23 22:26:26
CUST_000499,UNIQ_000499,59343,São Paulo,SP,2023-07-08 17:30:15
CUST_000500,UNIQ_000500,49418,Salvador,BA,2024-12-25 04:51:29
