order_id,payment_sequential,payment_type,payment_installments,payment_value
ORD_0000001,1,credit_card,2,208.72
ORD_0000002,1,boleto,1,369.22
ORD_0000003,1,credit_card,6,546.87
ORD_0000004,1,credit_card,1,200.79
ORD_0000005,1,credit_card,1,901.01
ORD_0000006,1,credit_card,10,117.32
ORD_0000007,1,credit_card,10,531.34
ORD_0000008,1,credit_card,10,105.78
ORD_0000009,1,credit_card,1,181.79
ORD_0000010,1,boleto,1,149.37
ORD_0000011,1,credit_card,6,61.47
ORD_0000012,1,credit_card,1,69.13
ORD_0000013,1,credit_card,1,392.07
ORD_0000014,1,credit_card,3,415.29
ORD_0000015,1,credit_card,6,258.55
ORD_0000016,1,debit_card,1,524.95
ORD_0000017,1,credit_card,1,93.18
ORD_0000018,1,credit_card,6,199.16
ORD_0000019,1,credit_card,10,54.54
ORD_0000020,1,debit_card,1,110.12
ORD_0000021,1,credit_card,1,368.36
ORD_0000022,1,credit_card,4,120.23
ORD_0000023,1,credit_card,1,174.64
ORD_0000024,1,boleto,1,52.73
ORD_0000025,1,credit_card,1,242.24
ORD_0000026,1,debit_card,1,450.23
ORD_0000027,1,credit_card,3,80.99
ORD_0000028,1,boleto,1,533.59
ORD_0000029,1,credit_card,6,506.04
ORD_0000030,1,credit_card,1,86.04
ORD_0000031,1,boleto,1,132.61
ORD_0000032,1,credit_card,3,190.94
ORD_0000033,1,credit_card,10,133.81
ORD_0000034,1,credit_card,6,405.91
ORD_0000035,1,credit_card,6,676.91
ORD_0000036,1,boleto,1,757.6
ORD_0000037,1,credit_card,10,290.88
ORD_0000038,1,credit_card,1,134.32
ORD_0000039,1,credit_card,3,32.06
ORD_0000040,1,boleto,1,104.07
ORD_0000041,1,credit_card,1,426.21
ORD_0000042,1,credit_card,2,225.71
ORD_0000043,1,credit_card,3,128.49
ORD_0000044,1,credit_card,3,103.77
ORD_0000045,1,credit_card,6,1455.07
ORD_0000046,1,credit_card,4,174.28
ORD_0000047,1,credit_card,10,199.98
ORD_0000048,1,credit_card,1,58.15
ORD_0000049,1,boleto,1,130.92
ORD_0000050,1,boleto,1,724.34
ORD_0000051,1,credit_card,1,194.76
ORD_0000052,1,boleto,1,120.99
ORD_0000053,1,credit_card,10,82.03
ORD_0000054,1,credit_card,10,165.08
ORD_0000055,1,credit_card,1,296.71
ORD_0000056,1,credit_card,6,140.49
ORD_0000057,1,boleto,1,201.28
ORD_0000058,1,credit_card,3,184.5
ORD_0000059,1,credit_card,1,112.66
ORD_0000060,1,credit_card,1,323.57
ORD_0000061,1,credit_card,6,175.52
ORD_0000062,1,credit_card,1,252.78
ORD_0000063,1,boleto,1,235.87
ORD_0000064,1,credit_card,1,603.88
ORD_0000065,1,credit_card,1,314.24
ORD_0000066,1,boleto,1,407.26
ORD_0000067,1,credit_card,6,229.92
ORD_0000068,1,voucher,1,59.25
ORD_0000069,1,boleto,1,314.99
ORD_0000070,1,credit_card,2,268.12
ORD_0000071,1,credit_card,2,199.09
ORD_0000072,1,credit_card,1,184.7
ORD_0000073,1,credit_card,2,417.48
ORD_0000074,1,credit_card,2,165.66
ORD_0000075,1,boleto,1,111.99
ORD_0000076,1,credit_card,1,323.49
ORD_0000077,1,credit_card,6,216.19
ORD_0000078,1,credit_card,3,227.4
ORD_0000079,1,credit_card,1,707.3
ORD_0000080,1,boleto,1,172.8
ORD_0000081,1,credit_card,1,1112.04
ORD_0000082,1,credit_card,3,178.05
ORD_0000083,1,boleto,1,152.26
ORD_0000084,1,voucher,1,246.77
ORD_0000085,1,credit_card,6,195.56
ORD_0000086,1,credit_card,2,511.85
ORD_0000087,1,boleto,1,462.55
ORD_0000088,1,boleto,1,195.61
ORD_0000089,1,credit_card,10,45.97
ORD_0000090,1,credit_card,2,252.76
ORD_0000091,1,credit_card,1,263.19
ORD_0000092,1,credit_card,4,302.27
ORD_0000093,1,credit_card,1,402.09
ORD_0000094,1,credit_card,10,324.22
ORD_0000095,1,voucher,1,215.3
ORD_0000096,1,credit_card,3,84.72
ORD_0000097,1,boleto,1,121.97
ORD_0000098,1,credit_card,6,85.16
ORD_0000099,1,debit_card,1,231.6
ORD_0000100,1,credit_card,1,474.0
ORD_0000101,1,boleto,1,96.32
ORD_0000102,1,boleto,1,413.98
ORD_0000103,1,credit_card,3,656.34
ORD_0000104,1,debit_card,1,50.03
ORD_0000105,1,credit_card,1,271.08
ORD_0000106,1,boleto,1,369.07
ORD_0000107,1,credit_card,10,589.96
ORD_0000108,1,credit_card,3,38.8
ORD_0000109,1,credit_card,1,48.42
ORD_0000110,1,boleto,1,211.96
ORD_0000111,1,boleto,1,127.74
ORD_0000112,1,debit_card,1,163.93
ORD_0000113,1,credit_card,6,232.36
ORD_0000114,1,credit_card,1,290.94
ORD_0000115,1,credit_card,2,69.33
ORD_0000116,1,boleto,1,717.17
ORD_0000117,1,credit_card,10,77.4
ORD_0000118,1,credit_card,2,192.29
ORD_0000119,1,credit_card,1,373.28
ORD_0000120,1,credit_card,1,211.72
ORD_0000121,1,debit_card,1,68.24
ORD_0000122,1,credit_card,10,344.64
ORD_0000123,1,credit_card,1,146.66
ORD_0000124,1,boleto,1,86.05
ORD_0000125,1,credit_card,1,620.16
ORD_0000126,1,credit_card,1,415.28
ORD_0000127,1,credit_card,2,103.19
ORD_0000128,1,credit_card,1,315.93
ORD_0000129,1,credit_card,1,68.35
ORD_0000130,1,credit_card,2,83.12
ORD_0000131,1,credit_card,1,575.84
ORD_0000132,1,credit_card,6,134.92
ORD_0000133,1,credit_card,6,110.2
ORD_0000134,1,credit_card,1,334.82
ORD_0000135,1,credit_card,10,88.47
ORD_0000136,1,credit_card,1,957.02
ORD_0000137,1,credit_card,1,243.92
ORD_0000138,1,boleto,1,317.47
ORD_0000139,1,credit_card,6,59.47
ORD_0000140,1,boleto,1,762.3
ORD_0000141,1,credit_card,2,183.89
ORD_0000142,1,boleto,1,369.83
ORD_0000143,1,credit_card,4,361.32
ORD_0000144,1,credit_card,1,57.35
ORD_0000145,1,credit_card,1,471.01
ORD_0000146,1,boleto,1,208.7
ORD_0000147,1,credit_card,1,431.27
ORD_0000148,1,credit_card,3,58.26
ORD_0000149,1,credit_card,4,254.61
ORD_0000150,1,boleto,1,32.55
ORD_0000151,1,boleto,1,117.37
ORD_0000152,1,credit_card,2,70.01
ORD_0000153,1,credit_card,1,338.98
ORD_0000154,1,credit_card,6,190.31
ORD_0000155,1,boleto,1,113.43
ORD_0000156,1,credit_card,3,171.32
ORD_0000157,1,boleto,1,63.52
ORD_0000158,1,boleto,1,332.22
ORD_0000159,1,credit_card,10,130.79
ORD_0000160,1,boleto,1,183.23
ORD_0000161,1,credit_card,1,68.07
ORD_0000162,1,credit_card,6,364.56
ORD_0000163,1,credit_card,1,460.07
ORD_0000164,1,credit_card,6,213.12
ORD_0000165,1,boleto,1,436.11
ORD_0000166,1,credit_card,1,526.99
ORD_0000167,1,credit_card,2,226.11
ORD_0000168,1,debit_card,1,92.03
ORD_0000169,1,credit_card,10,80.22
ORD_0000170,1,credit_card,1,557.93
ORD_0000171,1,credit_card,3,470.78
ORD_0000172,1,boleto,1,429.54
ORD_0000173,1,credit_card,1,206.79
ORD_0000174,1,credit_card,2,144.9
ORD_0000175,1,credit_card,2,132.61
ORD_0000176,1,credit_card,1,139.76
ORD_0000177,1,credit_card,6,386.83
ORD_0000178,1,credit_card,10,321.38
ORD_0000179,1,boleto,1,216.9
ORD_0000180,1,credit_card,6,58.27
ORD_0000181,1,credit_card,1,385.45
ORD_0000182,1,credit_card,10,168.57
ORD_0000183,1,boleto,1,26.0
ORD_0000184,1,credit_card,1,358.12
ORD_0000185,1,credit_card,6,125.9
ORD_0000186,1,credit_card,10,240.26
ORD_0000187,1,boleto,1,242.3
ORD_0000188,1,credit_card,6,211.8
ORD_0000189,1,credit_card,2,136.21
ORD_0000190,1,credit_card,1,265.71
ORD_0000191,1,credit_card,4,619.69
ORD_0000192,1,credit_card,1,108.77
ORD_0000193,1,credit_card,3,129.07
ORD_0000194,1,voucher,1,238.47
ORD_0000195,1,credit_card,1,203.27
ORD_0000196,1,credit_card,4,322.76
ORD_0000197,1,boleto,1,11.81
ORD_0000198,1,boleto,1,235.55
ORD_0000199,1,boleto,1,605.74
ORD_0000200,1,credit_card,4,51.65
ORD_0000201,1,voucher,1,542.9
ORD_0000202,1,credit_card,10,201.35
ORD_0000203,1,credit_card,1,566.24
ORD_0000204,1,credit_card,1,241.18
ORD_0000205,1,credit_card,6,178.29
ORD_0000206,1,credit_card,1,267.79
ORD_0000207,1,credit_card,1,109.81
ORD_0000208,1,credit_card,6,116.4
ORD_0000209,1,boleto,1,235.98
ORD_0000210,1,credit_card,1,275.75
ORD_0000211,1,credit_card,10,112.83
ORD_0000212,1,credit_card,1,457.89
ORD_0000213,1,credit_card,3,224.66
ORD_0000214,1,credit_card,4,400.54
ORD_0000215,1,credit_card,1,1151.57
ORD_0000216,1,credit_card,4,222.95
ORD_0000217,1,credit_card,4,35.34
ORD_0000218,1,credit_card,1,177.44
ORD_0000219,1,credit_card,1,50.7
ORD_0000220,1,credit_card,1,172.6
ORD_0000221,1,credit_card,4,278.9
ORD_0000222,1,credit_card,1,119.27
ORD_0000223,1,credit_card,1,410.53
ORD_0000224,1,boleto,1,437.44
ORD_0000225,1,credit_card,6,51.82
ORD_0000226,1,credit_card,4,190.4
ORD_0000227,1,credit_card,1,56.13
ORD_0000228,1,credit_card,2,139.22
ORD_0000229,1,boleto,1,117.33
ORD_0000230,1,credit_card,10,357.7
ORD_0000231,1,debit_card,1,109.73
ORD_0000232,1,credit_card,4,382.84
ORD_0000233,1,boleto,1,186.24
ORD_0000234,1,boleto,1,129.16
ORD_0000235,1,credit_card,1,114.4
ORD_0000236,1,credit_card,1,148.54
ORD_0000237,1,credit_card,3,805.21
ORD_0000238,1,credit_card,2,86.01
ORD_0000239,1,credit_card,6,468.31
ORD_0000240,1,credit_card,4,269.99
ORD_0000241,1,credit_card,1,46.9
ORD_0000242,1,credit_card,4,62.57
ORD_0000243,1,boleto,1,298.34
ORD_0000244,1,credit_card,1,199.84
ORD_0000245,1,credit_card,4,119.24
ORD_0000246,1,voucher,1,102.57
ORD_0000247,1,credit_card,10,445.85
ORD_0000248,1,boleto,1,173.47
ORD_0000249,1,credit_card,1,122.75
ORD_0000250,1,credit_card,6,104.25
ORD_0000251,1,credit_card,1,534.58
ORD_0000252,1,credit_card,2,357.02
ORD_0000253,1,boleto,1,943.61
ORD_0000254,1,boleto,1,465.66
ORD_0000255,1,credit_card,1,64.88
ORD_0000256,1,credit_card,1,104.64
ORD_0000257,1,credit_card,6,753.7
ORD_0000258,1,credit_card,1,30.98
ORD_0000259,1,credit_card,10,145.72
ORD_0000260,1,credit_card,1,366.4
ORD_0000261,1,boleto,1,167.71
ORD_0000262,1,credit_card,3,253.07
ORD_0000263,1,credit_card,4,829.57
ORD_0000264,1,credit_card,2,349.49
ORD_0000265,1,boleto,1,739.34
ORD_0000266,1,credit_card,10,67.06
ORD_0000267,1,credit_card,2,211.93
ORD_0000268,1,boleto,1,112.08
ORD_0000269,1,credit_card,1,284.7
ORD_0000270,1,credit_card,3,471.92
ORD_0000271,1,voucher,1,72.21
ORD_0000272,1,boleto,1,85.99
ORD_0000273,1,credit_card,1,65.45
ORD_0000274,1,voucher,1,332.61
ORD_0000275,1,boleto,1,292.02
ORD_0000276,1,credit_card,1,119.28
ORD_0000277,1,voucher,1,114.23
ORD_0000278,1,credit_card,3,76.45
ORD_0000279,1,boleto,1,936.93
ORD_0000280,1,credit_card,1,213.55
ORD_0000281,1,credit_card,4,111.5
ORD_0000282,1,credit_card,4,136.89
ORD_0000283,1,boleto,1,355.83
ORD_0000284,1,credit_card,6,94.68
ORD_0000285,1,credit_card,1,264.54
ORD_0000286,1,credit_card,3,624.99
ORD_0000287,1,credit_card,4,449.42
ORD_0000288,1,credit_card,2,146.77
ORD_0000289,1,credit_card,1,53.03
ORD_0000290,1,credit_card,1,64.2
ORD_0000291,1,credit_card,3,170.14
ORD_0000292,1,voucher,1,216.13
ORD_0000293,1,credit_card,6,25.1
ORD_0000294,1,credit_card,2,296.35
ORD_0000295,1,debit_card,1,326.1
ORD_0000296,1,debit_card,1,513.0
ORD_0000297,1,boleto,1,278.68
ORD_0000298,1,boleto,1,390.51
ORD_0000299,1,credit_card,3,344.45
ORD_0000300,1,voucher,1,74.99
ORD_0000301,1,credit_card,2,260.44
ORD_0000302,1,credit_card,3,165.33
ORD_0000303,1,credit_card,1,97.04
ORD_0000304,1,credit_card,4,240.98
ORD_0000305,1,credit_card,10,366.32
ORD_0000306,1,boleto,1,149.8
ORD_0000307,1,boleto,1,707.57
ORD_0000308,1,credit_card,6,129.08
ORD_0000309,1,credit_card,4,224.08
ORD_0000310,1,credit_card,4,83.54
ORD_0000311,1,voucher,1,448.83
ORD_0000312,1,credit_card,1,776.16
ORD_0000313,1,credit_card,1,533.66
ORD_0000314,1,credit_card,4,311.78
ORD_0000315,1,boleto,1,557.14
ORD_0000316,1,credit_card,1,261.84
ORD_0000317,1,credit_card,3,663.74
ORD_0000318,1,credit_card,1,113.58
ORD_0000319,1,boleto,1,235.11
ORD_0000320,1,credit_card,1,263.06
ORD_0000321,1,debit_card,1,348.97
ORD_0000322,1,credit_card,6,417.66
ORD_0000323,1,credit_card,1,284.92
ORD_0000324,1,credit_card,3,919.96
ORD_0000325,1,credit_card,10,72.61
ORD_0000326,1,credit_card,1,403.35
ORD_0000327,1,credit_card,1,260.5
ORD_0000328,1,credit_card,1,574.17
ORD_0000329,1,credit_card,4,50.91
ORD_0000330,1,boleto,1,229.53
ORD_0000331,1,credit_card,3,62.03
ORD_0000332,1,credit_card,1,36.04
ORD_0000333,1,credit_card,1,485.2
ORD_0000334,1,boleto,1,288.76
ORD_0000335,1,credit_card,1,267.02
ORD_0000336,1,credit_card,4,86.74
ORD_0000337,1,boleto,1,250.28
ORD_0000338,1,boleto,1,371.96
ORD_0000339,1,credit_card,1,195.9
ORD_0000340,1,credit_card,6,199.07
ORD_0000341,1,credit_card,1,218.9
ORD_0000342,1,credit_card,1,89.24
ORD_0000343,1,credit_card,1,82.0
ORD_0000344,1,boleto,1,140.67
ORD_0000345,1,credit_card,3,73.81
ORD_0000346,1,credit_card,4,393.49
ORD_0000347,1,credit_card,3,96.29
ORD_0000348,1,credit_card,10,41.11
ORD_0000349,1,credit_card,10,1135.71
ORD_0000350,1,credit_card,1,365.71
ORD_0000351,1,credit_card,1,882.7
ORD_0000352,1,boleto,1,269.98
ORD_0000353,1,credit_card,4,348.0
ORD_0000354,1,credit_card,2,59.02
ORD_0000355,1,credit_card,1,190.67
ORD_0000356,1,credit_card,6,22.51
ORD_0000357,1,credit_card,2,198.29
ORD_0000358,1,voucher,1,180.46
ORD_0000359,1,boleto,1,261.62
ORD_0000360,1,credit_card,1,108.4
ORD_0000361,1,credit_card,4,131.19
ORD_0000362,1,credit_card,1,258.2
ORD_0000363,1,boleto,1,138.76
ORD_0000364,1,credit_card,3,136.19
ORD_0000365,1,credit_card,3,124.67
ORD_0000366,1,credit_card,1,89.44
ORD_0000367,1,voucher,1,389.48
ORD_0000368,1,debit_card,1,115.94
ORD_0000369,1,credit_card,1,216.25
ORD_0000370,1,voucher,1,232.19
ORD_0000371,1,credit_card,2,348.11
ORD_0000372,1,boleto,1,249.97
ORD_0000373,1,credit_card,4,45.79
ORD_0000374,1,credit_card,4,129.92
ORD_0000375,1,credit_card,1,207.39
ORD_0000376,1,credit_card,10,760.96
ORD_0000377,1,credit_card,1,279.7
ORD_0000378,1,credit_card,6,858.84
ORD_0000379,1,credit_card,1,68.27
ORD_0000380,1,credit_card,6,93.0
ORD_0000381,1,credit_card,10,288.44
ORD_0000382,1,credit_card,2,57.76
ORD_0000383,1,debit_card,1,86.43
ORD_0000384,1,credit_card,1,265.15
ORD_0000385,1,credit_card,2,142.97
ORD_0000386,1,credit_card,3,278.21
ORD_0000387,1,credit_card,4,129.94
ORD_0000388,1,boleto,1,103.23
ORD_0000389,1,credit_card,6,561.44
ORD_0000390,1,credit_card,6,201.74
ORD_0000391,1,credit_card,1,50.61
ORD_0000392,1,credit_card,1,62.8
ORD_0000393,1,credit_card,4,236.07
ORD_0000394,1,boleto,1,143.24
ORD_0000395,1,credit_card,2,107.88
ORD_0000396,1,debit_card,1,80.11
ORD_0000397,1,credit_card,1,152.66
ORD_0000398,1,boleto,1,355.79
ORD_0000399,1,credit_card,1,123.34
ORD_0000400,1,credit_card,3,160.75
ORD_0000401,1,credit_card,1,40.5
ORD_0000402,1,credit_card,1,334.38
ORD_0000403,1,credit_card,2,428.96
ORD_0000404,1,credit_card,1,169.71
ORD_0000405,1,credit_card,1,63.2
ORD_0000406,1,credit_card,6,169.99
ORD_0000407,1,boleto,1,464.72
ORD_0000408,1,credit_card,2,192.17
ORD_0000409,1,credit_card,6,104.57
ORD_0000410,1,credit_card,2,935.03
ORD_0000411,1,credit_card,1,170.15
ORD_0000412,1,credit_card,6,301.72
ORD_0000413,1,credit_card,1,230.34
ORD_0000414,1,credit_card,1,126.84
ORD_0000415,1,credit_card,4,78.48
ORD_0000416,1,voucher,1,192.21
ORD_0000417,1,boleto,1,173.73
ORD_0000418,1,credit_card,10,653.56
ORD_0000419,1,credit_card,1,98.75
ORD_0000420,1,credit_card,6,300.1
ORD_0000421,1,credit_card,6,624.52
ORD_0000422,1,credit_card,2,772.0
ORD_0000423,1,credit_card,1,61.28
ORD_0000424,1,boleto,1,84.3
ORD_0000425,1,boleto,1,159.52
ORD_0000426,1,credit_card,4,23.23
ORD_0000427,1,credit_card,1,374.81
ORD_0000428,1,credit_card,10,452.71
ORD_0000429,1,debit_card,1,66.51
ORD_0000430,1,boleto,1,212.62
ORD_0000431,1,credit_card,1,138.11
ORD_0000432,1,credit_card,10,435.46
ORD_0000433,1,credit_card,4,146.5
ORD_0000434,1,boleto,1,438.59
ORD_0000435,1,credit_card,1,35.1
ORD_0000436,1,credit_card,6,237.14
ORD_0000437,1,credit_card,1,174.02
ORD_0000438,1,credit_card,1,35.83
ORD_0000439,1,credit_card,1,629.56
ORD_0000440,1,credit_card,10,275.56
ORD_0000441,1,credit_card,4,86.17
ORD_0000442,1,credit_card,6,301.97
ORD_0000443,1,credit_card,1,508.9
ORD_0000444,1,credit_card,2,149.2
ORD_0000445,1,credit_card,4,76.24
ORD_0000446,1,credit_card,1,466.85
ORD_0000447,1,credit_card,4,744.75
ORD_0000448,1,credit_card,10,126.62
ORD_0000449,1,credit_card,10,89.31
ORD_0000450,1,credit_card,1,418.1
ORD_0000451,1,credit_card,1,85.08
ORD_0000452,1,credit_card,4,87.91
ORD_0000453,1,boleto,1,52.03
ORD_0000454,1,credit_card,2,76.81
ORD_0000455,1,credit_card,6,661.23
ORD_0000456,1,credit_card,1,63.02
ORD_0000457,1,credit_card,10,281.94
ORD_0000458,1,boleto,1,285.06
ORD_0000459,1,boleto,1,382.15
ORD_0000460,1,credit_card,3,54.15
ORD_0000461,1,boleto,1,87.39
ORD_0000462,1,credit_card,1,165.57
ORD_0000463,1,credit_card,10,232.22
ORD_0000464,1,credit_card,1,191.97
ORD_0000465,1,credit_card,2,262.03
ORD_0000466,1,credit_card,1,353.39
ORD_0000467,1,credit_card,2,349.6
ORD_0000468,1,credit_card,1,359.4
ORD_0000469,1,credit_card,1,54.97
ORD_0000470,1,credit_card,10,175.19
ORD_0000471,1,debit_card,1,238.84
ORD_0000472,1,credit_card,1,44.46
ORD_0000473,1,boleto,1,246.26
ORD_0000474,1,boleto,1,450.27
ORD_0000475,1,credit_card,1,246.42
ORD_0000476,1,credit_card,4,542.76
ORD_0000477,1,credit_card,2,66.15
ORD_0000478,1,credit_card,1,166.72
ORD_0000479,1,credit_card,1,679.19
ORD_0000480,1,credit_card,2,217.88
ORD_0000481,1,voucher,1,78.1
ORD_0000482,1,credit_card,1,305.38
ORD_0000483,1,credit_card,1,462.33
ORD_0000484,1,credit_card,10,327.31
ORD_0000485,1,credit_card,1,201.52
ORD_0000486,1,credit_card,1,80.55
ORD_0000487,1,credit_card,2,158.8
ORD_0000488,1,credit_card,1,65.32
ORD_0000489,1,credit_card,6,290.81
ORD_0000490,1,credit_card,1,187.42
ORD_0000491,1,credit_card,6,283.85
ORD_0000492,1,credit_card,1,329.94
ORD_0000493,1,credit_card,2,573.11
ORD_0000494,1,boleto,1,226.39
ORD_0000495,1,credit_card,10,56.25
ORD_0000496,1,credit_card,1,55.25
ORD_0000497,1,credit_card,2,263.29
ORD_0000498,1,credit_card,1,413.31
ORD_0000499,1,credit_card,1,650.53
ORD_0000500,1,debit_card,1,173.84
ORD_0000501,1,credit_card,1,37.29
ORD_0000502,1,credit_card,6,586.01
ORD_0000503,1,boleto,1,185.2
ORD_0000504,1,credit_card,1,461.3
ORD_0000505,1,credit_card,2,186.8
ORD_0000506,1,credit_card,1,559.13
ORD_0000507,1,credit_card,3,105.75
ORD_0000508,1,credit_card,6,233.91
ORD_0000509,1,credit_card,1,73.37
ORD_0000510,1,credit_card,2,171.78
ORD_0000511,1,boleto,1,368.98
ORD_0000512,1,credit_card,1,241.82
ORD_0000513,1,credit_card,4,264.87
ORD_0000514,1,credit_card,4,27.18
ORD_0000515,1,voucher,1,898.54
ORD_0000516,1,credit_card,6,130.89
ORD_0000517,1,credit_card,1,100.61
ORD_0000518,1,credit_card,6,234.55
ORD_0000519,1,boleto,1,288.82
ORD_0000520,1,credit_card,6,47.11
ORD_0000521,1,credit_card,1,126.31
ORD_0000522,1,credit_card,3,122.99
ORD_0000523,1,boleto,1,65.46
ORD_0000524,1,boleto,1,300.33
ORD_0000525,1,credit_card,1,128.84
ORD_0000526,1,credit_card,6,176.95
ORD_0000527,1,credit_card,2,95.77
ORD_0000528,1,credit_card,2,214.71
ORD_0000529,1,credit_card,6,40.71
ORD_0000530,1,credit_card,3,148.73
ORD_0000531,1,credit_card,6,836.11
ORD_0000532,1,credit_card,2,672.5
ORD_0000533,1,credit_card,1,701.36
ORD_0000534,1,credit_card,6,371.93
ORD_0000535,1,boleto,1,457.05
ORD_0000536,1,credit_card,3,244.74
ORD_0000537,1,voucher,1,330.3
ORD_0000538,1,credit_card,6,112.46
ORD_0000539,1,credit_card,4,128.18
ORD_0000540,1,boleto,1,103.47
ORD_0000541,1,credit_card,4,368.19
ORD_0000542,1,credit_card,1,410.35
ORD_0000543,1,credit_card,1,173.09
ORD_0000544,1,credit_card,10,89.85
ORD_0000545,1,boleto,1,95.06
ORD_0000546,1,credit_card,1,96.16
ORD_0000547,1,credit_card,6,254.81
ORD_0000548,1,credit_card,2,464.75
ORD_0000549,1,credit_card,1,175.56
ORD_0000550,1,credit_card,6,513.36
ORD_0000551,1,credit_card,2,340.97
ORD_0000552,1,credit_card,2,509.91
ORD_0000553,1,boleto,1,580.75
ORD_0000554,1,credit_card,3,69.15
ORD_0000555,1,boleto,1,496.91
ORD_0000556,1,voucher,1,158.07
ORD_0000557,1,credit_card,4,48.61
ORD_0000558,1,credit_card,4,1108.28
ORD_0000559,1,credit_card,2,736.59
ORD_0000560,1,credit_card,2,112.33
ORD_0000561,1,boleto,1,539.13
ORD_0000562,1,credit_card,2,291.42
ORD_0000563,1,credit_card,4,196.21
ORD_0000564,1,boleto,1,341.42
ORD_0000565,1,credit_card,6,197.7
ORD_0000566,1,credit_card,3,843.83
ORD_0000567,1,credit_card,10,249.77
ORD_0000568,1,boleto,1,53.17
ORD_0000569,1,credit_card,3,18.77
ORD_0000570,1,credit_card,10,232.89
ORD_0000571,1,credit_card,3,58.31
ORD_0000572,1,credit_card,4,435.76
ORD_0000573,1,boleto,1,97.78
ORD_0000574,1,credit_card,2,395.79
ORD_0000575,1,credit_card,10,56.72
ORD_0000576,1,debit_card,1,884.48
ORD_0000577,1,credit_card,6,441.02
ORD_0000578,1,boleto,1,114.5
ORD_0000579,1,credit_card,6,520.74
ORD_0000580,1,voucher,1,888.47
ORD_0000581,1,credit_card,2,632.54
ORD_0000582,1,boleto,1,61.4
ORD_0000583,1,credit_card,1,55.95
ORD_0000584,1,credit_card,4,239.77
ORD_0000585,1,credit_card,1,303.23
ORD_0000586,1,credit_card,3,55.86
ORD_0000587,1,credit_card,4,34.22
ORD_0000588,1,credit_card,6,72.67
ORD_0000589,1,credit_card,4,148.06
ORD_0000590,1,boleto,1,261.03
ORD_0000591,1,credit_card,6,393.6
ORD_0000592,1,credit_card,10,206.6
ORD_0000593,1,credit_card,2,636.38
ORD_0000594,1,credit_card,3,397.41
ORD_0000595,1,credit_card,4,400.26
ORD_0000596,1,boleto,1,47.36
ORD_0000597,1,credit_card,1,100.12
ORD_0000598,1,credit_card,6,228.53
ORD_0000599,1,credit_card,3,99.1
ORD_0000600,1,credit_card,3,204.13
ORD_0000601,1,credit_card,2,484.38
ORD_0000602,1,credit_card,1,126.97
ORD_0000603,1,boleto,1,184.15
ORD_0000604,1,boleto,1,235.5
ORD_0000605,1,credit_card,4,24.46
ORD_0000606,1,boleto,1,454.14
ORD_0000607,1,credit_card,1,32.86
ORD_0000608,1,credit_card,6,81.74
ORD_0000609,1,credit_card,10,410.34
ORD_0000610,1,credit_card,1,378.73
ORD_0000611,1,credit_card,1,700.54
ORD_0000612,1,credit_card,4,197.1
ORD_0000613,1,boleto,1,38.22
ORD_0000614,1,credit_card,1,531.23
ORD_0000615,1,credit_card,10,90.18
ORD_0000616,1,credit_card,3,133.87
ORD_0000617,1,credit_card,2,575.98
ORD_0000618,1,credit_card,3,77.01
ORD_0000619,1,credit_card,1,147.2
ORD_0000620,1,credit_card,10,349.15
ORD_0000621,1,credit_card,10,432.75
ORD_0000622,1,credit_card,10,98.34
ORD_0000623,1,credit_card,1,319.08
ORD_0000624,1,boleto,1,216.5
ORD_0000625,1,boleto,1,170.74
ORD_0000626,1,credit_card,6,384.2
ORD_0000627,1,boleto,1,83.42
ORD_0000628,1,boleto,1,490.66
ORD_0000629,1,boleto,1,475.67
ORD_0000630,1,credit_card,10,328.99
ORD_0000631,1,credit_card,1,178.58
ORD_0000632,1,credit_card,6,582.92
ORD_0000633,1,credit_card,6,113.25
ORD_0000634,1,credit_card,10,259.97
ORD_0000635,1,credit_card,3,165.57
ORD_0000636,1,boleto,1,462.18
ORD_0000637,1,credit_card,1,637.88
ORD_0000638,1,boleto,1,42.06
ORD_0000639,1,credit_card,4,202.4
ORD_0000640,1,boleto,1,744.79
ORD_0000641,1,boleto,1,210.85
ORD_0000642,1,boleto,1,48.46
ORD_0000643,1,credit_card,4,84.5
ORD_0000644,1,credit_card,1,160.65
ORD_0000645,1,credit_card,1,649.68
ORD_0000646,1,credit_card,1,95.49
ORD_0000647,1,credit_card,1,478.27
ORD_0000648,1,credit_card,4,107.35
ORD_0000649,1,credit_card,2,249.91
ORD_0000650,1,credit_card,1,1084.29
ORD_0000651,1,credit_card,2,654.73
ORD_0000652,1,voucher,1,164.12
ORD_0000653,1,credit_card,1,309.02
ORD_0000654,1,boleto,1,785.25
ORD_0000655,1,credit_card,6,142.68
ORD_0000656,1,credit_card,1,167.25
ORD_0000657,1,credit_card,1,212.91
ORD_0000658,1,boleto,1,140.58
ORD_0000659,1,credit_card,2,73.58
ORD_0000660,1,credit_card,4,427.87
ORD_0000661,1,credit_card,1,66.36
ORD_0000662,1,credit_card,6,325.12
ORD_0000663,1,credit_card,1,220.93
ORD_0000664,1,credit_card,1,146.84
ORD_0000665,1,credit_card,10,200.73
ORD_0000666,1,boleto,1,366.68
ORD_0000667,1,credit_card,4,112.98
ORD_0000668,1,voucher,1,807.39
ORD_0000669,1,credit_card,2,200.11
ORD_0000670,1,boleto,1,119.69
ORD_0000671,1,credit_card,1,527.22
ORD_0000672,1,credit_card,10,36.92
ORD_0000673,1,credit_card,2,545.89
ORD_0000674,1,boleto,1,63.97
ORD_0000675,1,credit_card,1,356.76
ORD_0000676,1,credit_card,4,14.69
ORD_0000677,1,boleto,1,640.27
ORD_0000678,1,credit_card,2,185.78
ORD_0000679,1,boleto,1,89.49
ORD_0000680,1,credit_card,2,298.59
ORD_0000681,1,credit_card,1,80.46
ORD_0000682,1,credit_card,1,103.24
ORD_0000683,1,credit_card,1,51.0
ORD_0000684,1,boleto,1,225.46
ORD_0000685,1,credit_card,10,407.96
ORD_0000686,1,credit_card,1,161.72
ORD_0000687,1,credit_card,10,482.84
ORD_0000688,1,boleto,1,125.65
ORD_0000689,1,credit_card,1,812.46
ORD_0000690,1,boleto,1,107.65
ORD_0000691,1,credit_card,1,680.27
ORD_0000692,1,credit_card,10,179.23
ORD_0000693,1,credit_card,6,511.52
ORD_0000694,1,credit_card,2,113.73
ORD_0000695,1,boleto,1,95.32
ORD_0000696,1,credit_card,1,772.94
ORD_0000697,1,credit_card,10,155.24
ORD_0000698,1,credit_card,6,89.1
ORD_0000699,1,boleto,1,164.17
ORD_0000700,1,boleto,1,636.58
ORD_0000701,1,credit_card,3,186.79
ORD_0000702,1,boleto,1,255.03
ORD_0000703,1,credit_card,4,202.21
ORD_0000704,1,credit_card,3,151.18
ORD_0000705,1,credit_card,2,643.18
ORD_0000706,1,voucher,1,147.64
ORD_0000707,1,voucher,1,498.65
ORD_0000708,1,voucher,1,127.67
ORD_0000709,1,voucher,1,203.14
ORD_0000710,1,credit_card,1,76.08
ORD_0000711,1,boleto,1,177.51
ORD_0000712,1,credit_card,1,497.1
ORD_0000713,1,credit_card,3,261.1
ORD_0000714,1,credit_card,1,157.09
ORD_0000715,1,credit_card,1,154.69
ORD_0000716,1,credit_card,1,117.73
ORD_0000717,1,credit_card,4,223.4
ORD_0000718,1,credit_card,6,411.53
ORD_0000719,1,credit_card,4,309.28
ORD_0000720,1,credit_card,1,142.24
ORD_0000721,1,boleto,1,38.78
ORD_0000722,1,credit_card,10,391.99
ORD_0000723,1,boleto,1,49.81
ORD_0000724,1,credit_card,1,190.96
ORD_0000725,1,credit_card,3,219.74
ORD_0000726,1,credit_card,10,576.71
ORD_0000727,1,credit_card,2,347.14
ORD_0000728,1,credit_card,4,356.55
ORD_0000729,1,credit_card,3,144.73
ORD_0000730,1,boleto,1,94.78
ORD_0000731,1,credit_card,4,104.69
ORD_0000732,1,credit_card,1,107.98
ORD_0000733,1,credit_card,6,201.12
ORD_0000734,1,credit_card,1,33.66
ORD_0000735,1,credit_card,3,145.76
ORD_0000736,1,credit_card,2,276.82
ORD_0000737,1,credit_card,10,652.85
ORD_0000738,1,credit_card,6,31.97
ORD_0000739,1,credit_card,3,60.84
ORD_0000740,1,boleto,1,494.13
ORD_0000741,1,credit_card,4,256.67
ORD_0000742,1,credit_card,1,76.57
ORD_0000743,1,boleto,1,63.27
ORD_0000744,1,boleto,1,113.85
ORD_0000745,1,credit_card,4,46.91
ORD_0000746,1,credit_card,3,540.66
ORD_0000747,1,credit_card,4,204.52
ORD_0000748,1,credit_card,3,53.43
ORD_0000749,1,credit_card,1,130.68
ORD_0000750,1,credit_card,6,372.71
ORD_0000751,1,credit_card,2,276.5
ORD_0000752,1,credit_card,10,154.07
ORD_0000753,1,credit_card,4,505.03
ORD_0000754,1,boleto,1,261.94
ORD_0000755,1,credit_card,1,144.39
ORD_0000756,1,boleto,1,53.29
ORD_0000757,1,credit_card,1,480.05
ORD_0000758,1,credit_card,1,556.85
ORD_0000759,1,credit_card,1,375.48
ORD_0000760,1,credit_card,10,172.2
ORD_0000761,1,credit_card,1,233.84
ORD_0000762,1,credit_card,1,406.69
ORD_0000763,1,boleto,1,58.54
ORD_0000764,1,credit_card,6,532.6
ORD_0000765,1,boleto,1,217.91
ORD_0000766,1,credit_card,10,516.91
ORD_0000767,1,credit_card,10,93.54
ORD_0000768,1,credit_card,10,209.9
ORD_0000769,1,credit_card,1,533.7
ORD_0000770,1,credit_card,10,195.44
ORD_0000771,1,credit_card,1,85.69
ORD_0000772,1,credit_card,6,726.82
ORD_0000773,1,credit_card,1,216.26
ORD_0000774,1,credit_card,4,403.61
ORD_0000775,1,credit_card,10,434.33
ORD_0000776,1,credit_card,6,208.75
ORD_0000777,1,credit_card,2,435.69
ORD_0000778,1,boleto,1,34.37
ORD_0000779,1,credit_card,3,238.13
ORD_0000780,1,credit_card,1,354.01
ORD_0000781,1,credit_card,6,75.08
ORD_0000782,1,credit_card,2,584.55
ORD_0000783,1,credit_card,4,305.59
ORD_0000784,1,credit_card,1,76.75
ORD_0000785,1,credit_card,1,82.27
ORD_0000786,1,credit_card,1,212.67
ORD_0000787,1,credit_card,1,45.04
ORD_0000788,1,boleto,1,614.46
ORD_0000789,1,credit_card,6,265.65
ORD_0000790,1,credit_card,3,220.65
ORD_0000791,1,credit_card,10,877.98
ORD_0000792,1,boleto,1,248.51
ORD_0000793,1,credit_card,1,412.01
ORD_0000794,1,credit_card,1,254.68
ORD_0000795,1,credit_card,10,64.64
ORD_0000796,1,credit_card,3,130.83
ORD_0000797,1,credit_card,6,171.71
ORD_0000798,1,credit_card,3,86.13
ORD_0000799,1,credit_card,10,298.4
ORD_0000800,1,boleto,1,299.18
ORD_0000801,1,boleto,1,167.95
ORD_0000802,1,credit_card,2,624.95
ORD_0000803,1,credit_card,4,611.06
ORD_0000804,1,credit_card,1,480.71
ORD_0000805,1,credit_card,4,316.77
ORD_0000806,1,credit_card,6,35.66
ORD_0000807,1,credit_card,4,166.61
ORD_0000808,1,credit_card,10,276.93
ORD_0000809,1,credit_card,6,730.58
ORD_0000810,1,voucher,1,359.33
ORD_0000811,1,credit_card,1,22.95
ORD_0000812,1,voucher,1,260.68
ORD_0000813,1,credit_card,1,132.58
ORD_0000814,1,boleto,1,331.98
ORD_0000815,1,credit_card,4,448.55
ORD_0000816,1,credit_card,6,203.76
ORD_0000817,1,credit_card,2,308.4
ORD_0000818,1,credit_card,4,42.18
ORD_0000819,1,credit_card,1,221.46
ORD_0000820,1,credit_card,4,87.07
ORD_0000821,1,credit_card,1,354.36
ORD_0000822,1,credit_card,2,77.06
ORD_0000823,1,credit_card,2,220.64
ORD_0000824,1,debit_card,1,270.72
ORD_0000825,1,boleto,1,254.25
ORD_0000826,1,credit_card,4,329.7
ORD_0000827,1,credit_card,4,1365.83
ORD_0000828,1,boleto,1,506.13
ORD_0000829,1,credit_card,6,70.55
ORD_0000830,1,credit_card,4,479.8
ORD_0000831,1,credit_card,3,825.67
ORD_0000832,1,credit_card,3,283.31
ORD_0000833,1,credit_card,1,377.98
ORD_0000834,1,boleto,1,1315.25
ORD_0000835,1,credit_card,1,217.46
ORD_0000836,1,credit_card,2,435.13
ORD_0000837,1,credit_card,2,153.9
ORD_0000838,1,boleto,1,431.96
ORD_0000839,1,boleto,1,47.98
ORD_0000840,1,credit_card,10,73.75
ORD_0000841,1,credit_card,3,102.77
ORD_0000842,1,boleto,1,53.16
ORD_0000843,1,credit_card,1,52.64
ORD_0000844,1,credit_card,1,161.09
ORD_0000845,1,credit_card,6,168.94
ORD_0000846,1,credit_card,10,140.77
ORD_0000847,1,credit_card,2,102.43
ORD_0000848,1,debit_card,1,300.61
ORD_0000849,1,credit_card,3,565.42
ORD_0000850,1,credit_card,1,194.3
ORD_0000851,1,credit_card,1,157.97
ORD_0000852,1,debit_card,1,850.94
ORD_0000853,1,credit_card,10,586.69
ORD_0000854,1,credit_card,1,557.34
ORD_0000855,1,credit_card,10,72.95
ORD_0000856,1,credit_card,10,52.54
ORD_0000857,1,credit_card,4,205.94
ORD_0000858,1,credit_card,6,103.69
ORD_0000859,1,credit_card,10,63.79
ORD_0000860,1,boleto,1,490.05
ORD_0000861,1,credit_card,1,266.95
ORD_0000862,1,credit_card,1,84.29
ORD_0000863,1,credit_card,3,341.97
ORD_0000864,1,credit_card,3,61.42
ORD_0000865,1,credit_card,1,200.68
ORD_0000866,1,credit_card,2,59.0
ORD_0000867,1,credit_card,1,683.61
ORD_0000868,1,credit_card,4,229.1
ORD_0000869,1,credit_card,1,246.14
ORD_0000870,1,credit_card,10,363.48
ORD_0000871,1,credit_card,6,153.79
ORD_0000872,1,boleto,1,53.62
ORD_0000873,1,credit_card,6,410.24
ORD_0000874,1,credit_card,4,275.7
ORD_0000875,1,credit_card,10,30.86
ORD_0000876,1,voucher,1,282.14
ORD_0000877,1,credit_card,6,579.56
ORD_0000878,1,voucher,1,293.71
ORD_0000879,1,credit_card,2,156.92
ORD_0000880,1,boleto,1,62.26
ORD_0000881,1,credit_card,4,205.17
ORD_0000882,1,credit_card,2,639.51
ORD_0000883,1,credit_card,4,105.45
ORD_0000884,1,credit_card,2,490.61
ORD_0000885,1,credit_card,2,189.88
ORD_0000886,1,boleto,1,501.98
ORD_0000887,1,credit_card,1,212.68
ORD_0000888,1,boleto,1,324.46
ORD_0000889,1,credit_card,1,240.91
ORD_0000890,1,credit_card,6,48.93
ORD_0000891,1,credit_card,1,270.93
ORD_0000892,1,credit_card,2,183.4
ORD_0000893,1,credit_card,10,749.19
ORD_0000894,1,credit_card,3,80.74
ORD_0000895,1,credit_card,1,177.26
ORD_0000896,1,credit_card,2,146.81
ORD_0000897,1,credit_card,6,236.54
ORD_0000898,1,credit_card,6,488.58
ORD_0000899,1,boleto,1,337.3
ORD_0000900,1,credit_card,1,286.62
ORD_0000901,1,credit_card,4,190.82
ORD_0000902,1,credit_card,1,288.13
ORD_0000903,1,credit_card,3,708.89
ORD_0000904,1,credit_card,1,276.01
ORD_0000905,1,credit_card,1,505.87
ORD_0000906,1,credit_card,10,326.66
ORD_0000907,1,credit_card,3,42.2
ORD_0000908,1,credit_card,3,228.96
ORD_0000909,1,credit_card,1,113.03
ORD_0000910,1,credit_card,4,323.35
ORD_0000911,1,credit_card,2,98.13
ORD_0000912,1,credit_card,4,130.2
ORD_0000913,1,boleto,1,171.2
ORD_0000914,1,credit_card,3,309.57
ORD_0000915,1,credit_card,4,234.41
ORD_0000916,1,credit_card,4,624.84
ORD_0000917,1,credit_card,1,152.84
ORD_0000918,1,credit_card,1,245.28
ORD_0000919,1,credit_card,1,65.92
ORD_0000920,1,credit_card,2,482.43
ORD_0000921,1,credit_card,1,152.62
ORD_0000922,1,credit_card,6,61.36
ORD_0000923,1,credit_card,1,134.6
ORD_0000924,1,credit_card,1,100.54
ORD_0000925,1,credit_card,2,25.79
ORD_0000926,1,credit_card,6,286.48
ORD_0000927,1,credit_card,1,339.4
ORD_0000928,1,credit_card,1,489.02
ORD_0000929,1,credit_card,6,202.42
ORD_0000930,1,boleto,1,685.16
ORD_0000931,1,credit_card,1,329.62
ORD_0000932,1,credit_card,6,13.73
ORD_0000933,1,credit_card,10,141.41
ORD_0000934,1,credit_card,4,268.74
ORD_0000935,1,credit_card,4,678.37
ORD_0000936,1,credit_card,1,241.3
ORD_0000937,1,credit_card,4,138.42
ORD_0000938,1,credit_card,1,376.14
ORD_0000939,1,boleto,1,472.08
ORD_0000940,1,credit_card,2,413.45
ORD_0000941,1,credit_card,3,46.6
ORD_0000942,1,boleto,1,201.38
ORD_0000943,1,credit_card,1,160.53
ORD_0000944,1,credit_card,1,180.29
ORD_0000945,1,credit_card,3,40.8
ORD_0000946,1,credit_card,1,69.72
ORD_0000947,1,credit_card,1,264.7
ORD_0000948,1,voucher,1,402.99
ORD_0000949,1,credit_card,1,87.04
ORD_0000950,1,credit_card,4,135.89
ORD_0000951,1,credit_card,6,86.7
ORD_0000952,1,boleto,1,806.41
ORD_0000953,1,credit_card,10,421.19
ORD_0000954,1,credit_card,1,360.78
ORD_0000955,1,boleto,1,357.43
ORD_0000956,1,credit_card,10,509.95
ORD_0000957,1,credit_card,3,219.7
ORD_0000958,1,credit_card,1,63.01
ORD_0000959,1,boleto,1,491.42
ORD_0000960,1,credit_card,4,994.13
ORD_0000961,1,credit_card,2,178.42
ORD_0000962,1,credit_card,10,150.39
ORD_0000963,1,credit_card,10,266.42
ORD_0000964,1,credit_card,4,405.46
ORD_0000965,1,credit_card,1,432.7
ORD_0000966,1,credit_card,4,313.37
ORD_0000967,1,credit_card,4,168.71
ORD_0000968,1,credit_card,3,166.5
ORD_0000969,1,credit_card,1,566.85
ORD_0000970,1,boleto,1,405.05
ORD_0000971,1,credit_card,2,154.94
ORD_0000972,1,credit_card,1,381.47
ORD_0000973,1,boleto,1,35.0
ORD_0000974,1,credit_card,1,687.5
ORD_0000975,1,credit_card,1,60.77
ORD_0000976,1,credit_card,10,731.92
ORD_0000977,1,voucher,1,135.57
ORD_0000978,1,credit_card,4,738.97
ORD_0000979,1,voucher,1,367.01
ORD_0000980,1,credit_card,1,33.5
ORD_0000981,1,credit_card,1,191.16
ORD_0000982,1,credit_card,1,365.39
ORD_0000983,1,boleto,1,160.07
ORD_0000984,1,credit_card,1,632.71
ORD_0000985,1,boleto,1,693.18
ORD_0000986,1,boleto,1,447.19
ORD_0000987,1,credit_card,4,64.43
ORD_0000988,1,credit_card,3,405.53
ORD_0000989,1,credit_card,1,203.19
ORD_0000990,1,credit_card,1,402.66
ORD_0000991,1,credit_card,1,206.92
ORD_0000992,1,credit_card,10,255.77
ORD_0000993,1,boleto,1,231.6
ORD_0000994,1,credit_card,2,30.65
ORD_0000995,1,credit_card,10,431.67
ORD_0000996,1,credit_card,1,53.85
ORD_0000997,1,credit_card,3,277.06
ORD_0000998,1,credit_card,1,273.36
ORD_0000999,1,credit_card,6,830.66
ORD_0001000,1,credit_card,3,61.45
