review_id,order_id,review_score,review_comment_title,review_comment_message,review_creation_date,review_answer_timestamp
REV_000001,ORD_0000001,5,Good,Great product!,2023-12-17 08:33:29,2023-12-22 08:33:29
REV_000002,ORD_0000002,4,Bad,Average,2023-06-26 04:36:37,2023-06-30 04:36:37
REV_000003,ORD_0000004,5,Excellent,Love it,2024-05-23 01:11:17,2024-05-27 01:11:17
REV_000004,ORD_0000005,5,,Average,2024-03-13 01:25:56,2024-03-17 01:25:56
REV_000005,ORD_0000009,5,Terrible,Not as described,2023-07-26 02:19:45,2023-07-31 02:19:45
REV_000006,ORD_0000010,1,Good,,2023-08-19 01:15:02,2023-08-23 01:15:02
REV_000007,ORD_0000012,5,OK,Not as described,2024-04-17 05:55:30,2024-04-19 05:55:30
REV_000008,ORD_0000013,5,OK,Recommend,2023-10-17 23:53:44,2023-10-20 23:53:44
REV_000009,ORD_0000014,5,Bad,Good quality,2023-09-19 20:14:43,2023-09-21 20:14:43
REV_000010,ORD_0000015,4,OK,Fast delivery,2025-03-16 21:00:30,2025-03-20 21:00:30
REV_000011,ORD_0000016,2,Good,Great product!,2023-12-22 22:45:41,2023-12-25 22:45:41
REV_000012,ORD_0000017,5,Excellent,Average,2023-09-30 06:29:19,2023-10-01 06:29:19
REV_000013,ORD_0000019,5,Good,Great product!,2024-01-11 08:40:20,2024-01-13 08:40:20
REV_000014,ORD_0000020,4,OK,Recommend,2023-04-11 19:25:42,2023-04-15 19:25:42
REV_000015,ORD_0000021,5,Terrible,Not as described,2023-11-13 08:58:26,2023-11-15 08:58:26
REV_000016,ORD_0000022,5,,Not as described,2025-01-29 22:14:43,2025-02-02 22:14:43
REV_000017,ORD_0000027,5,Terrible,,2024-10-03 02:30:56,2024-10-08 02:30:56
REV_000018,ORD_0000028,4,Good,,2023-08-05 10:26:36,2023-08-10 10:26:36
REV_000019,ORD_0000029,1,Excellent,Love it,2023-12-29 20:11:20,2023-12-31 20:11:20
REV_000020,ORD_0000030,2,Good,Good quality,2025-03-03 05:31:50,2025-03-04 05:31:50
REV_000021,ORD_0000031,3,Bad,Average,2024-02-27 13:30:24,2024-03-03 13:30:24
REV_000022,ORD_0000032,5,Excellent,Good quality,2024-07-25 06:01:43,2024-07-29 06:01:43
REV_000023,ORD_0000033,4,Bad,Great product!,2024-01-18 09:08:06,2024-01-19 09:08:06
REV_000024,ORD_0000034,1,Bad,Love it,2023-11-19 14:46:33,2023-11-24 14:46:33
REV_000025,ORD_0000036,4,Terrible,Great product!,2025-02-03 00:37:32,2025-02-04 00:37:32
REV_000026,ORD_0000037,3,OK,Perfect!,2024-11-23 08:49:34,2024-11-28 08:49:34
REV_000027,ORD_0000038,5,Bad,Not as described,2025-01-14 03:26:28,2025-01-18 03:26:28
REV_000028,ORD_0000039,5,Terrible,Fast delivery,2023-06-30 06:44:43,2023-07-05 06:44:43
REV_000029,ORD_0000040,3,Terrible,Good quality,2024-10-05 22:08:26,2024-10-06 22:08:26
REV_000030,ORD_0000041,5,Good,Good quality,2023-05-29 03:31:12,2023-05-30 03:31:12
REV_000031,ORD_0000042,1,,Average,2024-03-04 09:10:02,2024-03-06 09:10:02
REV_000032,ORD_0000044,5,Bad,Perfect!,2023-04-15 16:04:46,2023-04-20 16:04:46
REV_000033,ORD_0000045,4,,Perfect!,2024-04-24 09:16:29,2024-04-29 09:16:29
REV_000034,ORD_0000046,5,Excellent,OK,2024-12-25 10:27:47,2024-12-30 10:27:47
REV_000035,ORD_0000047,3,,,2023-06-29 21:41:10,2023-07-01 21:41:10
REV_000036,ORD_0000048,2,,Great product!,2025-05-24 10:11:07,2025-05-26 10:11:07
REV_000037,ORD_0000049,4,Terrible,Good quality,2024-02-05 22:54:30,2024-02-06 22:54:30
REV_000038,ORD_0000051,4,Excellent,Took too long,2023-07-20 19:24:49,2023-07-22 19:24:49
REV_000039,ORD_0000052,4,,Took too long,2023-02-28 02:16:41,2023-03-01 02:16:41
REV_000040,ORD_0000053,1,Excellent,Recommend,2024-08-21 07:42:55,2024-08-26 07:42:55
REV_000041,ORD_0000054,5,Terrible,Good quality,2024-01-30 21:43:41,2024-02-03 21:43:41
REV_000042,ORD_0000056,5,Excellent,Great product!,2023-10-15 10:17:03,2023-10-16 10:17:03
REV_000043,ORD_0000057,5,Good,Perfect!,2023-09-30 02:29:28,2023-10-04 02:29:28
REV_000044,ORD_0000058,5,Excellent,Recommend,2024-11-16 00:06:25,2024-11-21 00:06:25
REV_000045,ORD_0000060,3,Good,Perfect!,2025-05-13 01:52:14,2025-05-17 01:52:14
REV_000046,ORD_0000061,2,Terrible,Fast delivery,2025-01-29 21:23:45,2025-02-03 21:23:45
REV_000047,ORD_0000062,5,Good,Not as described,2025-04-29 09:35:33,2025-05-03 09:35:33
REV_000048,ORD_0000064,4,,Fast delivery,2024-04-24 06:45:21,2024-04-26 06:45:21
REV_000049,ORD_0000065,5,Good,Recommend,2024-12-04 18:07:49,2024-12-09 18:07:49
REV_000050,ORD_0000067,5,Terrible,Recommend,2023-08-07 22:37:11,2023-08-10 22:37:11
REV_000051,ORD_0000068,5,Terrible,Fast delivery,2024-03-12 13:38:58,2024-03-17 13:38:58
REV_000052,ORD_0000069,5,OK,Perfect!,2023-12-24 09:28:51,2023-12-28 09:28:51
REV_000053,ORD_0000070,5,Terrible,Took too long,2025-01-20 17:55:20,2025-01-25 17:55:20
REV_000054,ORD_0000071,5,Excellent,Fast delivery,2023-09-02 06:39:45,2023-09-05 06:39:45
REV_000055,ORD_0000072,1,OK,OK,2024-07-22 22:40:20,2024-07-26 22:40:20
REV_000056,ORD_0000073,3,Terrible,Fast delivery,2024-09-25 18:42:45,2024-09-28 18:42:45
REV_000057,ORD_0000074,4,Terrible,Recommend,2023-05-29 00:24:09,2023-06-03 00:24:09
REV_000058,ORD_0000075,4,Good,,2025-04-20 05:18:43,2025-04-21 05:18:43
REV_000059,ORD_0000076,5,Terrible,Not as described,2024-01-17 14:06:39,2024-01-21 14:06:39
REV_000060,ORD_0000077,5,Excellent,Not as described,2024-03-04 07:32:50,2024-03-06 07:32:50
REV_000061,ORD_0000078,4,Good,Took too long,2024-07-30 01:00:47,2024-08-03 01:00:47
REV_000062,ORD_0000079,5,Excellent,Good quality,2024-11-21 22:45:41,2024-11-24 22:45:41
REV_000063,ORD_0000081,5,Terrible,,2024-02-23 01:27:17,2024-02-24 01:27:17
REV_000064,ORD_0000082,5,Excellent,OK,2025-01-09 04:02:09,2025-01-10 04:02:09
REV_000065,ORD_0000083,5,Excellent,Not as described,2024-05-31 18:35:22,2024-06-04 18:35:22
REV_000066,ORD_0000084,5,OK,OK,2025-03-25 16:10:26,2025-03-30 16:10:26
REV_000067,ORD_0000085,1,Excellent,OK,2023-08-12 21:21:21,2023-08-16 21:21:21
REV_000068,ORD_0000087,5,Excellent,Took too long,2024-10-19 07:02:43,2024-10-24 07:02:43
REV_000069,ORD_0000088,4,,Love it,2024-07-05 11:32:51,2024-07-07 11:32:51
REV_000070,ORD_0000090,5,,Not as described,2023-02-01 20:04:13,2023-02-05 20:04:13
REV_000071,ORD_0000092,5,Terrible,Took too long,2023-03-04 14:45:21,2023-03-06 14:45:21
REV_000072,ORD_0000094,4,,Not as described,2023-12-29 00:24:43,2024-01-01 00:24:43
REV_000073,ORD_0000095,5,Bad,Took too long,2025-02-23 18:02:44,2025-02-24 18:02:44
REV_000074,ORD_0000096,2,Excellent,Not as described,2023-05-14 09:48:59,2023-05-15 09:48:59
REV_000075,ORD_0000097,3,Good,Not as described,2024-07-07 07:08:47,2024-07-09 07:08:47
REV_000076,ORD_0000098,1,Bad,Love it,2025-04-24 23:41:23,2025-04-29 23:41:23
REV_000077,ORD_0000099,1,Good,Average,2023-03-23 00:36:38,2023-03-28 00:36:38
REV_000078,ORD_0000100,3,Good,Great product!,2024-03-09 20:54:32,2024-03-14 20:54:32
REV_000079,ORD_0000101,4,Terrible,Great product!,2023-10-03 06:07:11,2023-10-06 06:07:11
REV_000080,ORD_0000102,5,Excellent,Recommend,2024-11-30 17:04:18,2024-12-05 17:04:18
REV_000081,ORD_0000103,5,Excellent,Took too long,2024-08-28 15:21:22,2024-09-01 15:21:22
REV_000082,ORD_0000104,4,OK,Took too long,2024-05-26 14:21:39,2024-05-27 14:21:39
REV_000083,ORD_0000106,5,Terrible,Not as described,2023-11-09 11:08:43,2023-11-10 11:08:43
REV_000084,ORD_0000107,5,Bad,,2024-02-15 09:31:35,2024-02-17 09:31:35
REV_000085,ORD_0000109,4,,Love it,2024-06-26 20:01:52,2024-06-29 20:01:52
REV_000086,ORD_0000110,4,Excellent,,2024-08-08 15:41:49,2024-08-11 15:41:49
REV_000087,ORD_0000111,5,OK,Great product!,2023-12-01 04:29:32,2023-12-02 04:29:32
REV_000088,ORD_0000112,3,,Fast delivery,2023-06-26 16:08:28,2023-06-28 16:08:28
REV_000089,ORD_0000113,5,,Recommend,2023-06-11 23:46:30,2023-06-14 23:46:30
REV_000090,ORD_0000114,4,Good,OK,2024-12-06 06:33:58,2024-12-11 06:33:58
REV_000091,ORD_0000115,5,Terrible,Took too long,2024-11-17 10:06:45,2024-11-21 10:06:45
REV_000092,ORD_0000116,5,Good,Average,2023-07-26 12:41:24,2023-07-27 12:41:24
REV_000093,ORD_0000117,5,,Took too long,2024-02-03 07:33:25,2024-02-06 07:33:25
REV_000094,ORD_0000118,5,Good,Took too long,2024-07-02 04:28:10,2024-07-06 04:28:10
REV_000095,ORD_0000119,4,,OK,2023-07-27 05:23:38,2023-07-28 05:23:38
REV_000096,ORD_0000120,4,Terrible,,2025-01-06 15:30:13,2025-01-09 15:30:13
REV_000097,ORD_0000121,1,Bad,Perfect!,2023-03-22 04:36:37,2023-03-26 04:36:37
REV_000098,ORD_0000124,4,Bad,OK,2024-06-02 05:14:53,2024-06-04 05:14:53
REV_000099,ORD_0000125,4,Good,Love it,2024-11-17 16:16:10,2024-11-19 16:16:10
REV_000100,ORD_0000127,5,Good,Average,2025-05-06 04:38:06,2025-05-09 04:38:06
REV_000101,ORD_0000128,4,Terrible,OK,2025-02-24 03:05:30,2025-02-25 03:05:30
REV_000102,ORD_0000132,1,,Fast delivery,2023-10-07 06:00:45,2023-10-11 06:00:45
REV_000103,ORD_0000133,5,Terrible,Perfect!,2024-06-30 00:24:41,2024-07-04 00:24:41
REV_000104,ORD_0000134,5,Terrible,Love it,2024-09-30 08:16:54,2024-10-02 08:16:54
REV_000105,ORD_0000135,5,Excellent,Took too long,2024-12-22 12:48:13,2024-12-24 12:48:13
REV_000106,ORD_0000136,5,Terrible,Took too long,2023-10-02 09:36:22,2023-10-04 09:36:22
REV_000107,ORD_0000138,4,,Love it,2024-08-16 19:44:43,2024-08-19 19:44:43
REV_000108,ORD_0000141,5,,Great product!,2024-12-05 16:18:45,2024-12-08 16:18:45
REV_000109,ORD_0000142,5,,Took too long,2024-12-18 16:18:12,2024-12-21 16:18:12
REV_000110,ORD_0000143,4,Bad,Average,2023-09-29 19:10:43,2023-10-03 19:10:43
REV_000111,ORD_0000144,4,Bad,Good quality,2024-03-03 11:42:25,2024-03-06 11:42:25
REV_000112,ORD_0000145,5,,Perfect!,2025-01-13 02:58:05,2025-01-14 02:58:05
REV_000113,ORD_0000146,4,OK,Recommend,2024-10-23 06:29:59,2024-10-26 06:29:59
REV_000114,ORD_0000147,5,,Took too long,2024-06-20 03:35:04,2024-06-22 03:35:04
REV_000115,ORD_0000149,5,Good,Fast delivery,2025-03-18 07:48:21,2025-03-23 07:48:21
REV_000116,ORD_0000150,2,Terrible,Recommend,2024-02-05 20:50:14,2024-02-07 20:50:14
REV_000117,ORD_0000151,5,Good,Not as described,2024-02-09 16:34:00,2024-02-10 16:34:00
REV_000118,ORD_0000152,4,Excellent,Fast delivery,2024-08-06 05:30:20,2024-08-09 05:30:20
REV_000119,ORD_0000153,5,Good,Great product!,2025-03-10 21:59:58,2025-03-13 21:59:58
REV_000120,ORD_0000154,5,Terrible,Fast delivery,2023-09-17 06:53:15,2023-09-20 06:53:15
REV_000121,ORD_0000155,4,OK,Took too long,2023-04-15 21:42:31,2023-04-17 21:42:31
REV_000122,ORD_0000157,5,Excellent,Great product!,2024-07-12 08:25:14,2024-07-13 08:25:14
REV_000123,ORD_0000158,5,OK,,2024-06-25 11:25:55,2024-06-29 11:25:55
REV_000124,ORD_0000159,4,OK,Fast delivery,2024-07-13 14:20:44,2024-07-17 14:20:44
REV_000125,ORD_0000160,4,Excellent,Not as described,2023-10-08 05:35:16,2023-10-13 05:35:16
REV_000126,ORD_0000161,5,Good,Not as described,2023-07-27 15:27:13,2023-07-29 15:27:13
REV_000127,ORD_0000162,5,Terrible,Not as described,2024-09-06 04:36:43,2024-09-09 04:36:43
REV_000128,ORD_0000163,4,Excellent,OK,2024-05-01 12:12:09,2024-05-06 12:12:09
REV_000129,ORD_0000164,5,,Love it,2024-07-12 23:20:50,2024-07-17 23:20:50
REV_000130,ORD_0000165,5,,Love it,2024-03-24 03:44:10,2024-03-26 03:44:10
REV_000131,ORD_0000166,5,Good,Fast delivery,2024-01-04 08:23:23,2024-01-05 08:23:23
REV_000132,ORD_0000168,4,Bad,Average,2023-08-05 09:22:20,2023-08-07 09:22:20
REV_000133,ORD_0000170,5,Excellent,Average,2023-04-21 02:10:21,2023-04-26 02:10:21
REV_000134,ORD_0000171,5,Terrible,Perfect!,2024-12-05 12:17:56,2024-12-10 12:17:56
REV_000135,ORD_0000172,3,OK,Took too long,2023-07-19 05:54:01,2023-07-24 05:54:01
REV_000136,ORD_0000174,5,Terrible,Fast delivery,2025-04-01 02:06:16,2025-04-06 02:06:16
REV_000137,ORD_0000178,5,Excellent,,2024-01-30 15:34:14,2024-01-31 15:34:14
REV_000138,ORD_0000179,4,Good,,2023-07-18 09:00:00,2023-07-23 09:00:00
REV_000139,ORD_0000180,4,OK,Great product!,2024-05-28 15:19:00,2024-05-31 15:19:00
REV_000140,ORD_0000182,5,Bad,Fast delivery,2025-05-19 12:14:16,2025-05-22 12:14:16
REV_000141,ORD_0000183,4,Good,Love it,2025-05-05 19:51:44,2025-05-09 19:51:44
REV_000142,ORD_0000184,2,Terrible,Recommend,2023-06-05 09:07:40,2023-06-06 09:07:40
REV_000143,ORD_0000186,5,Excellent,Fast delivery,2023-06-10 22:28:46,2023-06-11 22:28:46
REV_000144,ORD_0000188,5,Excellent,Fast delivery,2025-03-15 04:03:17,2025-03-18 04:03:17
REV_000145,ORD_0000190,4,,OK,2025-01-30 01:12:29,2025-02-04 01:12:29
REV_000146,ORD_0000191,3,OK,Perfect!,2024-05-10 12:43:19,2024-05-15 12:43:19
REV_000147,ORD_0000194,5,OK,OK,2023-03-17 18:50:44,2023-03-19 18:50:44
REV_000148,ORD_0000195,4,Terrible,,2023-04-12 07:10:31,2023-04-15 07:10:31
REV_000149,ORD_0000196,5,Terrible,Perfect!,2023-03-09 11:41:09,2023-03-10 11:41:09
REV_000150,ORD_0000197,5,Good,,2023-09-13 10:35:50,2023-09-17 10:35:50
REV_000151,ORD_0000199,3,Excellent,Fast delivery,2024-07-29 22:31:12,2024-07-30 22:31:12
REV_000152,ORD_0000200,5,Excellent,Perfect!,2024-08-03 05:04:33,2024-08-06 05:04:33
REV_000153,ORD_0000202,4,Terrible,Not as described,2024-10-17 07:20:46,2024-10-18 07:20:46
REV_000154,ORD_0000203,5,Excellent,Fast delivery,2024-07-15 21:31:49,2024-07-20 21:31:49
REV_000155,ORD_0000204,1,,Good quality,2024-07-14 21:04:02,2024-07-17 21:04:02
REV_000156,ORD_0000205,5,,Took too long,2024-06-11 06:06:02,2024-06-16 06:06:02
REV_000157,ORD_0000206,4,Good,Perfect!,2023-03-22 11:14:38,2023-03-23 11:14:38
REV_000158,ORD_0000207,3,OK,OK,2023-05-05 14:51:40,2023-05-07 14:51:40
REV_000159,ORD_0000208,4,,Great product!,2024-11-06 08:33:02,2024-11-09 08:33:02
REV_000160,ORD_0000209,5,,Took too long,2023-09-11 16:06:06,2023-09-14 16:06:06
REV_000161,ORD_0000210,4,OK,Not as described,2024-10-28 05:35:47,2024-10-30 05:35:47
REV_000162,ORD_0000211,5,Bad,Fast delivery,2024-01-29 21:29:44,2024-01-30 21:29:44
REV_000163,ORD_0000212,4,,,2024-01-25 21:10:34,2024-01-27 21:10:34
REV_000164,ORD_0000213,5,OK,Good quality,2024-01-03 11:26:48,2024-01-07 11:26:48
REV_000165,ORD_0000215,5,OK,Great product!,2024-03-11 00:46:02,2024-03-14 00:46:02
REV_000166,ORD_0000216,4,,Not as described,2023-09-23 06:54:20,2023-09-26 06:54:20
REV_000167,ORD_0000217,5,,Great product!,2024-08-23 18:59:36,2024-08-24 18:59:36
REV_000168,ORD_0000218,5,Terrible,Recommend,2024-09-13 07:14:16,2024-09-16 07:14:16
REV_000169,ORD_0000219,5,OK,Average,2023-09-04 23:04:46,2023-09-05 23:04:46
REV_000170,ORD_0000220,5,Good,,2023-04-15 19:41:19,2023-04-20 19:41:19
REV_000171,ORD_0000221,3,,Average,2025-03-27 01:58:49,2025-03-29 01:58:49
REV_000172,ORD_0000222,4,Excellent,Fast delivery,2024-11-12 19:59:00,2024-11-15 19:59:00
REV_000173,ORD_0000223,5,,Love it,2024-07-24 01:20:34,2024-07-29 01:20:34
REV_000174,ORD_0000224,4,,OK,2024-02-25 14:48:38,2024-02-29 14:48:38
REV_000175,ORD_0000225,1,OK,Average,2025-04-21 12:09:08,2025-04-26 12:09:08
REV_000176,ORD_0000226,5,Excellent,Good quality,2024-02-18 16:27:49,2024-02-20 16:27:49
REV_000177,ORD_0000227,5,Excellent,Love it,2023-08-13 15:25:41,2023-08-17 15:25:41
REV_000178,ORD_0000228,5,,Recommend,2023-10-27 13:20:43,2023-10-30 13:20:43
REV_000179,ORD_0000229,5,OK,Fast delivery,2024-01-05 06:20:22,2024-01-09 06:20:22
REV_000180,ORD_0000230,4,Excellent,Love it,2023-07-01 14:02:59,2023-07-02 14:02:59
REV_000181,ORD_0000231,5,Terrible,Great product!,2025-02-06 02:07:47,2025-02-08 02:07:47
REV_000182,ORD_0000232,4,Excellent,Fast delivery,2024-01-24 22:51:07,2024-01-29 22:51:07
REV_000183,ORD_0000233,5,Terrible,Took too long,2025-03-01 17:13:13,2025-03-06 17:13:13
REV_000184,ORD_0000235,4,Bad,Perfect!,2023-10-19 05:03:18,2023-10-23 05:03:18
REV_000185,ORD_0000238,4,Excellent,Great product!,2023-04-06 05:12:32,2023-04-11 05:12:32
REV_000186,ORD_0000239,5,Good,Love it,2024-07-23 09:21:31,2024-07-27 09:21:31
REV_000187,ORD_0000240,4,OK,Good quality,2023-09-12 16:17:51,2023-09-15 16:17:51
REV_000188,ORD_0000242,3,Bad,Fast delivery,2024-12-02 19:55:40,2024-12-04 19:55:40
REV_000189,ORD_0000243,4,Excellent,Great product!,2024-03-22 09:58:38,2024-03-25 09:58:38
REV_000190,ORD_0000244,3,Bad,Fast delivery,2025-04-21 06:55:08,2025-04-22 06:55:08
REV_000191,ORD_0000249,5,,OK,2024-09-24 07:14:43,2024-09-26 07:14:43
REV_000192,ORD_0000250,2,Excellent,,2024-11-16 11:11:54,2024-11-17 11:11:54
REV_000193,ORD_0000254,5,Terrible,Good quality,2024-07-14 16:41:56,2024-07-16 16:41:56
REV_000194,ORD_0000255,5,,OK,2024-05-16 01:56:15,2024-05-21 01:56:15
REV_000195,ORD_0000257,5,Excellent,Not as described,2024-03-29 09:39:58,2024-03-31 09:39:58
REV_000196,ORD_0000259,3,Bad,Good quality,2024-03-14 13:20:28,2024-03-16 13:20:28
REV_000197,ORD_0000260,4,Good,Not as described,2023-10-02 10:44:41,2023-10-03 10:44:41
REV_000198,ORD_0000262,1,Bad,Not as described,2023-06-30 12:35:24,2023-07-05 12:35:24
REV_000199,ORD_0000263,5,,Perfect!,2024-11-24 04:10:55,2024-11-25 04:10:55
REV_000200,ORD_0000267,5,,Good quality,2023-01-22 07:56:35,2023-01-23 07:56:35
REV_000201,ORD_0000271,5,OK,Good quality,2023-03-08 02:49:19,2023-03-09 02:49:19
REV_000202,ORD_0000273,4,Excellent,Great product!,2024-07-30 06:44:13,2024-07-31 06:44:13
REV_000203,ORD_0000274,5,,Great product!,2025-02-05 22:38:59,2025-02-06 22:38:59
REV_000204,ORD_0000275,3,,Great product!,2024-08-02 18:39:22,2024-08-06 18:39:22
REV_000205,ORD_0000277,5,,,2023-02-11 14:40:50,2023-02-15 14:40:50
REV_000206,ORD_0000278,2,Excellent,Not as described,2023-12-26 11:35:51,2023-12-31 11:35:51
REV_000207,ORD_0000280,5,OK,Good quality,2024-09-03 19:01:53,2024-09-05 19:01:53
REV_000208,ORD_0000283,4,Terrible,Not as described,2024-12-17 10:35:34,2024-12-18 10:35:34
REV_000209,ORD_0000285,3,Excellent,Fast delivery,2023-07-04 18:38:24,2023-07-08 18:38:24
REV_000210,ORD_0000286,5,Good,Not as described,2024-03-23 02:31:56,2024-03-24 02:31:56
REV_000211,ORD_0000287,3,Bad,Average,2023-11-25 05:07:23,2023-11-27 05:07:23
REV_000212,ORD_0000288,3,,Good quality,2024-06-26 04:12:21,2024-06-29 04:12:21
REV_000213,ORD_0000289,5,,Good quality,2023-12-24 04:49:55,2023-12-25 04:49:55
REV_000214,ORD_0000290,4,OK,Good quality,2024-03-05 22:55:33,2024-03-09 22:55:33
REV_000215,ORD_0000291,4,OK,,2024-09-16 02:21:29,2024-09-19 02:21:29
REV_000216,ORD_0000292,4,OK,Not as described,2023-08-16 10:12:12,2023-08-17 10:12:12
REV_000217,ORD_0000293,5,Terrible,Love it,2023-05-25 08:09:10,2023-05-26 08:09:10
REV_000218,ORD_0000294,5,Bad,Took too long,2024-08-07 10:17:09,2024-08-12 10:17:09
REV_000219,ORD_0000295,1,Good,Fast delivery,2023-03-21 09:39:57,2023-03-22 09:39:57
REV_000220,ORD_0000296,3,Excellent,Fast delivery,2023-05-28 12:03:05,2023-05-30 12:03:05
REV_000221,ORD_0000297,5,Terrible,Average,2025-01-06 22:28:39,2025-01-11 22:28:39
REV_000222,ORD_0000298,5,OK,Love it,2025-03-05 14:36:08,2025-03-09 14:36:08
REV_000223,ORD_0000299,5,Terrible,Not as described,2023-12-21 21:41:45,2023-12-23 21:41:45
REV_000224,ORD_0000300,4,,Love it,2024-01-16 12:11:44,2024-01-21 12:11:44
REV_000225,ORD_0000301,5,Excellent,Recommend,2023-02-06 02:30:07,2023-02-10 02:30:07
REV_000226,ORD_0000302,4,Excellent,Fast delivery,2024-06-14 03:25:52,2024-06-19 03:25:52
REV_000227,ORD_0000304,5,,Not as described,2023-03-22 10:13:52,2023-03-25 10:13:52
REV_000228,ORD_0000306,5,Good,Not as described,2024-10-06 19:29:20,2024-10-11 19:29:20
REV_000229,ORD_0000307,5,Bad,Recommend,2024-03-08 02:38:06,2024-03-11 02:38:06
REV_000230,ORD_0000308,5,OK,Great product!,2023-09-02 04:56:37,2023-09-07 04:56:37
REV_000231,ORD_0000309,4,OK,Took too long,2024-05-16 17:18:24,2024-05-19 17:18:24
REV_000232,ORD_0000310,3,Good,Fast delivery,2025-03-29 21:19:58,2025-03-31 21:19:58
REV_000233,ORD_0000313,5,,Took too long,2025-01-03 18:25:40,2025-01-06 18:25:40
REV_000234,ORD_0000317,4,,Great product!,2023-07-12 14:32:27,2023-07-17 14:32:27
REV_000235,ORD_0000318,4,Terrible,Not as described,2024-09-06 15:54:46,2024-09-10 15:54:46
REV_000236,ORD_0000319,3,,Love it,2024-07-18 18:23:02,2024-07-23 18:23:02
REV_000237,ORD_0000320,5,,Average,2025-01-27 23:33:54,2025-01-28 23:33:54
REV_000238,ORD_0000321,1,,Not as described,2024-10-28 02:15:30,2024-11-02 02:15:30
REV_000239,ORD_0000322,5,Good,,2024-10-09 01:57:21,2024-10-13 01:57:21
REV_000240,ORD_0000323,5,Terrible,Love it,2024-06-06 18:46:21,2024-06-11 18:46:21
REV_000241,ORD_0000324,5,,Not as described,2023-12-22 23:50:36,2023-12-23 23:50:36
REV_000242,ORD_0000325,5,Excellent,Fast delivery,2024-09-02 01:42:18,2024-09-07 01:42:18
REV_000243,ORD_0000326,5,Good,Great product!,2025-04-11 08:16:08,2025-04-12 08:16:08
REV_000244,ORD_0000329,5,Excellent,Average,2025-06-02 04:53:31,2025-06-04 04:53:31
REV_000245,ORD_0000330,3,Terrible,Recommend,2024-08-25 23:53:22,2024-08-29 23:53:22
REV_000246,ORD_0000334,4,Excellent,,2024-12-11 08:21:17,2024-12-14 08:21:17
REV_000247,ORD_0000335,3,Excellent,Average,2024-02-19 14:49:43,2024-02-21 14:49:43
REV_000248,ORD_0000336,4,Terrible,Great product!,2023-07-25 10:35:00,2023-07-26 10:35:00
REV_000249,ORD_0000337,4,Bad,Not as described,2023-05-01 16:06:43,2023-05-05 16:06:43
REV_000250,ORD_0000341,5,Excellent,Average,2023-11-23 13:44:57,2023-11-26 13:44:57
REV_000251,ORD_0000342,5,OK,Perfect!,2023-04-04 12:24:21,2023-04-06 12:24:21
REV_000252,ORD_0000343,2,Good,Average,2023-04-22 15:59:12,2023-04-23 15:59:12
REV_000253,ORD_0000344,5,,Love it,2024-10-29 20:06:58,2024-10-31 20:06:58
REV_000254,ORD_0000345,5,OK,OK,2023-04-20 18:46:16,2023-04-23 18:46:16
REV_000255,ORD_0000347,3,Good,Great product!,2024-07-11 22:49:31,2024-07-16 22:49:31
REV_000256,ORD_0000348,5,Bad,Took too long,2024-09-08 17:59:22,2024-09-10 17:59:22
REV_000257,ORD_0000349,5,Terrible,Recommend,2024-11-20 02:23:34,2024-11-24 02:23:34
REV_000258,ORD_0000350,5,Bad,Perfect!,2024-08-09 01:24:42,2024-08-10 01:24:42
REV_000259,ORD_0000353,5,Good,Love it,2025-05-21 14:01:02,2025-05-24 14:01:02
REV_000260,ORD_0000356,1,Terrible,Took too long,2024-11-11 04:00:11,2024-11-14 04:00:11
REV_000261,ORD_0000357,3,,Great product!,2024-10-17 05:53:37,2024-10-18 05:53:37
REV_000262,ORD_0000358,3,Bad,Not as described,2023-03-14 06:27:21,2023-03-18 06:27:21
REV_000263,ORD_0000362,5,,Great product!,2023-02-10 00:11:59,2023-02-11 00:11:59
REV_000264,ORD_0000363,5,Good,Good quality,2024-12-27 15:44:08,2025-01-01 15:44:08
REV_000265,ORD_0000364,5,,Took too long,2025-01-10 01:38:11,2025-01-11 01:38:11
REV_000266,ORD_0000366,4,Terrible,Took too long,2024-02-14 17:32:14,2024-02-15 17:32:14
REV_000267,ORD_0000368,5,Good,Average,2024-11-16 11:18:13,2024-11-19 11:18:13
REV_000268,ORD_0000369,1,Terrible,Good quality,2023-05-11 23:03:59,2023-05-13 23:03:59
REV_000269,ORD_0000370,5,Terrible,Average,2024-04-19 18:37:20,2024-04-23 18:37:20
REV_000270,ORD_0000371,1,,Took too long,2023-06-06 10:14:06,2023-06-08 10:14:06
REV_000271,ORD_0000373,5,Good,Average,2024-03-17 11:08:29,2024-03-21 11:08:29
REV_000272,ORD_0000374,4,Excellent,Not as described,2025-01-05 18:03:17,2025-01-06 18:03:17
REV_000273,ORD_0000375,5,Good,Took too long,2023-07-10 10:14:56,2023-07-11 10:14:56
REV_000274,ORD_0000376,3,Terrible,Good quality,2023-09-27 02:26:54,2023-10-01 02:26:54
REV_000275,ORD_0000377,1,OK,Not as described,2024-05-18 08:00:46,2024-05-21 08:00:46
REV_000276,ORD_0000378,5,Good,Average,2024-09-11 04:58:36,2024-09-12 04:58:36
REV_000277,ORD_0000379,5,OK,Love it,2025-02-23 16:02:27,2025-02-27 16:02:27
REV_000278,ORD_0000380,5,Bad,Perfect!,2023-02-26 22:46:26,2023-03-02 22:46:26
REV_000279,ORD_0000381,5,,,2023-05-15 00:30:42,2023-05-17 00:30:42
REV_000280,ORD_0000382,1,Excellent,Average,2024-04-21 14:49:08,2024-04-26 14:49:08
REV_000281,ORD_0000383,5,Good,Recommend,2025-01-04 20:00:55,2025-01-07 20:00:55
REV_000282,ORD_0000384,5,,Average,2024-10-13 17:36:50,2024-10-17 17:36:50
REV_000283,ORD_0000386,5,Good,Fast delivery,2024-02-19 14:39:02,2024-02-21 14:39:02
REV_000284,ORD_0000388,5,Excellent,Took too long,2025-02-22 07:20:22,2025-02-24 07:20:22
REV_000285,ORD_0000389,5,,Not as described,2023-03-22 11:22:28,2023-03-25 11:22:28
REV_000286,ORD_0000391,5,,Fast delivery,2024-04-23 02:05:25,2024-04-28 02:05:25
REV_000287,ORD_0000392,4,,Love it,2023-07-14 06:33:40,2023-07-16 06:33:40
REV_000288,ORD_0000393,1,Good,Average,2024-01-23 13:28:47,2024-01-25 13:28:47
REV_000289,ORD_0000394,4,Excellent,Love it,2024-07-09 20:21:26,2024-07-11 20:21:26
REV_000290,ORD_0000395,5,Excellent,Not as described,2024-12-04 22:33:53,2024-12-09 22:33:53
REV_000291,ORD_0000399,4,Bad,Fast delivery,2024-08-17 04:28:16,2024-08-18 04:28:16
REV_000292,ORD_0000400,4,Bad,Average,2024-02-01 14:34:10,2024-02-03 14:34:10
REV_000293,ORD_0000401,4,Good,Great product!,2024-06-11 04:29:59,2024-06-12 04:29:59
REV_000294,ORD_0000402,1,Terrible,Love it,2023-12-07 18:42:09,2023-12-11 18:42:09
REV_000295,ORD_0000404,5,Terrible,,2023-08-25 14:22:05,2023-08-30 14:22:05
REV_000296,ORD_0000405,5,Good,Great product!,2023-09-02 08:12:01,2023-09-04 08:12:01
REV_000297,ORD_0000407,5,Excellent,Great product!,2024-03-27 04:45:54,2024-03-28 04:45:54
REV_000298,ORD_0000411,5,Bad,Perfect!,2024-09-14 12:05:00,2024-09-15 12:05:00
REV_000299,ORD_0000412,5,Terrible,Fast delivery,2023-06-26 06:11:53,2023-07-01 06:11:53
REV_000300,ORD_0000413,5,OK,Great product!,2025-06-05 09:53:37,2025-06-06 09:53:37
REV_000301,ORD_0000414,5,Bad,,2023-11-18 20:53:40,2023-11-23 20:53:40
REV_000302,ORD_0000415,5,Bad,Fast delivery,2024-06-24 22:41:15,2024-06-29 22:41:15
REV_000303,ORD_0000417,5,OK,Love it,2024-07-23 23:36:01,2024-07-26 23:36:01
REV_000304,ORD_0000418,5,,Fast delivery,2023-08-01 01:17:23,2023-08-03 01:17:23
REV_000305,ORD_0000419,4,Excellent,Good quality,2023-11-21 16:40:59,2023-11-22 16:40:59
REV_000306,ORD_0000421,5,Excellent,Great product!,2025-01-07 11:06:34,2025-01-11 11:06:34
REV_000307,ORD_0000424,5,OK,Fast delivery,2023-04-08 03:52:08,2023-04-12 03:52:08
REV_000308,ORD_0000427,3,OK,Good quality,2024-04-24 22:48:50,2024-04-26 22:48:50
REV_000309,ORD_0000428,5,Terrible,Not as described,2025-05-04 21:32:37,2025-05-07 21:32:37
REV_000310,ORD_0000429,5,Good,Perfect!,2023-12-14 21:00:48,2023-12-17 21:00:48
REV_000311,ORD_0000431,1,Excellent,Fast delivery,2024-01-27 05:54:32,2024-01-28 05:54:32
REV_000312,ORD_0000435,3,Terrible,Love it,2024-01-04 12:27:13,2024-01-07 12:27:13
REV_000313,ORD_0000436,5,,Great product!,2024-07-23 04:31:48,2024-07-25 04:31:48
REV_000314,ORD_0000437,5,Good,Good quality,2023-12-25 15:07:24,2023-12-27 15:07:24
REV_000315,ORD_0000439,5,,Not as described,2023-07-18 00:43:31,2023-07-23 00:43:31
REV_000316,ORD_0000441,4,Excellent,Took too long,2023-08-21 10:12:38,2023-08-25 10:12:38
REV_000317,ORD_0000442,5,OK,Perfect!,2023-10-13 20:25:22,2023-10-16 20:25:22
REV_000318,ORD_0000444,3,Bad,Good quality,2023-05-23 23:03:53,2023-05-24 23:03:53
REV_000319,ORD_0000445,5,Bad,Good quality,2024-10-12 21:20:09,2024-10-16 21:20:09
REV_000320,ORD_0000448,1,Bad,Great product!,2024-02-07 14:29:02,2024-02-12 14:29:02
REV_000321,ORD_0000449,5,Bad,Recommend,2024-04-01 04:19:45,2024-04-02 04:19:45
REV_000322,ORD_0000451,5,Good,Average,2023-11-07 15:37:24,2023-11-12 15:37:24
REV_000323,ORD_0000452,5,,Great product!,2024-01-30 11:51:47,2024-02-02 11:51:47
REV_000324,ORD_0000453,5,,Great product!,2024-04-26 11:22:26,2024-04-29 11:22:26
REV_000325,ORD_0000454,1,Bad,Fast delivery,2024-12-16 02:55:19,2024-12-20 02:55:19
REV_000326,ORD_0000455,4,OK,Average,2023-03-20 14:42:55,2023-03-24 14:42:55
REV_000327,ORD_0000456,2,Bad,Recommend,2024-01-04 12:36:24,2024-01-07 12:36:24
REV_000328,ORD_0000457,2,,Fast delivery,2024-12-17 06:21:31,2024-12-20 06:21:31
REV_000329,ORD_0000459,5,OK,Love it,2023-10-13 01:19:36,2023-10-18 01:19:36
REV_000330,ORD_0000460,5,Bad,Perfect!,2024-09-10 10:17:04,2024-09-12 10:17:04
REV_000331,ORD_0000461,4,Good,Love it,2024-01-03 02:41:52,2024-01-04 02:41:52
REV_000332,ORD_0000462,5,,Good quality,2024-03-13 08:39:32,2024-03-15 08:39:32
REV_000333,ORD_0000463,5,Excellent,Fast delivery,2023-02-25 20:45:33,2023-02-28 20:45:33
REV_000334,ORD_0000465,3,,,2024-08-02 06:23:29,2024-08-07 06:23:29
REV_000335,ORD_0000466,4,,Good quality,2023-08-26 13:17:52,2023-08-29 13:17:52
REV_000336,ORD_0000467,5,Bad,Not as described,2023-09-27 12:15:07,2023-10-01 12:15:07
REV_000337,ORD_0000468,1,OK,Fast delivery,2024-03-31 13:41:57,2024-04-01 13:41:57
REV_000338,ORD_0000469,1,OK,Fast delivery,2023-10-29 08:42:35,2023-11-01 08:42:35
REV_000339,ORD_0000471,3,Excellent,,2024-02-12 21:42:56,2024-02-14 21:42:56
REV_000340,ORD_0000473,5,,Perfect!,2024-06-10 02:15:38,2024-06-13 02:15:38
REV_000341,ORD_0000474,4,Good,Perfect!,2025-02-11 23:15:59,2025-02-14 23:15:59
REV_000342,ORD_0000475,5,Bad,Perfect!,2023-11-15 14:26:16,2023-11-17 14:26:16
REV_000343,ORD_0000477,2,Bad,Average,2025-01-18 11:52:19,2025-01-22 11:52:19
REV_000344,ORD_0000478,5,OK,Good quality,2025-04-01 21:15:16,2025-04-06 21:15:16
REV_000345,ORD_0000479,3,OK,Not as described,2024-07-08 07:54:28,2024-07-12 07:54:28
REV_000346,ORD_0000481,1,Terrible,Recommend,2025-05-10 20:26:50,2025-05-12 20:26:50
REV_000347,ORD_0000482,1,Bad,Recommend,2024-03-16 10:45:27,2024-03-21 10:45:27
REV_000348,ORD_0000483,5,Terrible,Good quality,2024-01-27 13:38:46,2024-01-30 13:38:46
REV_000349,ORD_0000484,4,OK,Love it,2023-08-15 20:28:50,2023-08-19 20:28:50
REV_000350,ORD_0000485,5,Bad,Love it,2023-11-15 10:36:05,2023-11-20 10:36:05
REV_000351,ORD_0000486,5,Good,Great product!,2023-06-02 19:43:26,2023-06-05 19:43:26
REV_000352,ORD_0000487,5,,Took too long,2024-12-25 18:52:20,2024-12-26 18:52:20
REV_000353,ORD_0000488,5,Good,Perfect!,2024-09-19 07:01:01,2024-09-21 07:01:01
REV_000354,ORD_0000489,5,Excellent,Perfect!,2024-05-13 06:16:44,2024-05-17 06:16:44
REV_000355,ORD_0000490,5,Good,,2024-02-06 05:36:07,2024-02-09 05:36:07
REV_000356,ORD_0000491,1,Excellent,OK,2024-12-25 15:07:14,2024-12-29 15:07:14
REV_000357,ORD_0000492,4,Good,Not as described,2023-08-21 19:13:52,2023-08-22 19:13:52
REV_000358,ORD_0000493,5,Excellent,Average,2024-03-14 04:01:18,2024-03-16 04:01:18
REV_000359,ORD_0000495,5,Terrible,Good quality,2025-01-30 12:45:27,2025-02-03 12:45:27
REV_000360,ORD_0000497,2,Good,,2025-02-21 01:00:16,2025-02-23 01:00:16
REV_000361,ORD_0000498,2,OK,Took too long,2024-08-04 01:37:11,2024-08-08 01:37:11
REV_000362,ORD_0000499,1,,Not as described,2024-05-30 04:05:20,2024-06-01 04:05:20
REV_000363,ORD_0000502,4,Bad,Fast delivery,2024-12-13 20:51:28,2024-12-16 20:51:28
REV_000364,ORD_0000503,4,Excellent,Recommend,2023-03-19 15:16:10,2023-03-20 15:16:10
REV_000365,ORD_0000504,5,Excellent,Great product!,2024-02-02 22:35:31,2024-02-04 22:35:31
REV_000366,ORD_0000506,5,,Good quality,2023-08-22 18:00:33,2023-08-26 18:00:33
REV_000367,ORD_0000507,5,,Fast delivery,2024-07-04 21:06:56,2024-07-07 21:06:56
REV_000368,ORD_0000508,5,,Great product!,2024-01-03 04:01:05,2024-01-07 04:01:05
REV_000369,ORD_0000510,5,OK,Great product!,2025-02-21 23:58:51,2025-02-23 23:58:51
REV_000370,ORD_0000512,2,OK,Great product!,2025-03-17 12:05:01,2025-03-20 12:05:01
REV_000371,ORD_0000513,5,Excellent,Recommend,2025-03-04 20:09:07,2025-03-06 20:09:07
REV_000372,ORD_0000514,5,Bad,Average,2023-05-31 11:42:06,2023-06-04 11:42:06
REV_000373,ORD_0000515,5,Good,OK,2024-03-06 15:17:36,2024-03-09 15:17:36
REV_000374,ORD_0000517,5,Excellent,Great product!,2024-11-14 21:45:09,2024-11-19 21:45:09
REV_000375,ORD_0000518,5,Bad,Average,2025-04-30 15:19:09,2025-05-01 15:19:09
REV_000376,ORD_0000519,4,Excellent,Took too long,2024-04-26 09:36:03,2024-04-27 09:36:03
REV_000377,ORD_0000520,4,Good,Good quality,2024-06-02 21:46:36,2024-06-06 21:46:36
REV_000378,ORD_0000521,5,Good,Love it,2024-07-05 00:07:47,2024-07-06 00:07:47
REV_000379,ORD_0000522,5,Good,Took too long,2025-01-20 09:20:37,2025-01-21 09:20:37
REV_000380,ORD_0000523,5,,Good quality,2023-10-31 10:58:55,2023-11-04 10:58:55
REV_000381,ORD_0000524,5,Good,Perfect!,2024-04-15 17:01:00,2024-04-17 17:01:00
REV_000382,ORD_0000526,4,Excellent,Perfect!,2024-10-11 11:44:43,2024-10-14 11:44:43
REV_000383,ORD_0000527,5,,Perfect!,2023-06-16 00:12:07,2023-06-17 00:12:07
REV_000384,ORD_0000529,4,,Not as described,2023-11-29 14:09:30,2023-12-03 14:09:30
REV_000385,ORD_0000530,5,Good,Great product!,2024-05-17 15:01:55,2024-05-22 15:01:55
REV_000386,ORD_0000532,2,Excellent,Great product!,2025-02-02 17:18:02,2025-02-04 17:18:02
REV_000387,ORD_0000533,1,Bad,Recommend,2024-10-16 21:57:52,2024-10-21 21:57:52
REV_000388,ORD_0000536,5,Excellent,Recommend,2024-06-10 07:37:58,2024-06-12 07:37:58
REV_000389,ORD_0000538,4,Good,Recommend,2024-05-15 05:39:13,2024-05-17 05:39:13
REV_000390,ORD_0000540,4,Good,Took too long,2024-07-31 01:01:22,2024-08-03 01:01:22
REV_000391,ORD_0000541,5,Excellent,Recommend,2024-06-11 01:51:04,2024-06-14 01:51:04
REV_000392,ORD_0000542,5,Good,Not as described,2023-12-22 11:49:02,2023-12-27 11:49:02
REV_000393,ORD_0000543,5,Bad,Recommend,2024-12-26 03:45:03,2024-12-31 03:45:03
REV_000394,ORD_0000544,5,Good,Average,2023-05-02 17:02:32,2023-05-04 17:02:32
REV_000395,ORD_0000545,3,Good,Great product!,2024-02-07 05:46:18,2024-02-12 05:46:18
REV_000396,ORD_0000548,5,,Good quality,2024-10-25 21:15:09,2024-10-28 21:15:09
REV_000397,ORD_0000551,2,,Perfect!,2023-12-31 12:49:10,2024-01-03 12:49:10
REV_000398,ORD_0000553,3,Excellent,OK,2025-01-11 22:35:55,2025-01-13 22:35:55
REV_000399,ORD_0000554,3,OK,Not as described,2024-07-14 19:58:09,2024-07-16 19:58:09
REV_000400,ORD_0000556,5,Good,Fast delivery,2024-07-26 10:24:46,2024-07-27 10:24:46
REV_000401,ORD_0000557,5,Terrible,Fast delivery,2023-11-09 06:05:32,2023-11-14 06:05:32
REV_000402,ORD_0000558,5,,OK,2025-05-09 17:37:16,2025-05-11 17:37:16
REV_000403,ORD_0000559,5,,Perfect!,2023-05-13 23:03:53,2023-05-16 23:03:53
REV_000404,ORD_0000560,4,Bad,Perfect!,2023-06-09 14:19:36,2023-06-12 14:19:36
REV_000405,ORD_0000561,5,OK,Average,2025-03-19 18:36:45,2025-03-23 18:36:45
REV_000406,ORD_0000563,5,OK,Fast delivery,2024-01-15 16:37:12,2024-01-19 16:37:12
REV_000407,ORD_0000564,4,Excellent,OK,2023-03-10 13:56:08,2023-03-12 13:56:08
REV_000408,ORD_0000565,5,Bad,Good quality,2024-07-14 12:37:35,2024-07-17 12:37:35
REV_000409,ORD_0000567,1,Terrible,Recommend,2024-05-10 04:45:32,2024-05-13 04:45:32
REV_000410,ORD_0000569,4,Good,Good quality,2024-08-30 09:02:33,2024-08-31 09:02:33
REV_000411,ORD_0000570,2,Terrible,Great product!,2025-04-10 04:09:50,2025-04-15 04:09:50
REV_000412,ORD_0000571,5,OK,,2023-08-18 23:31:00,2023-08-20 23:31:00
REV_000413,ORD_0000572,5,Bad,Average,2024-08-15 14:57:21,2024-08-17 14:57:21
REV_000414,ORD_0000573,2,Good,Average,2023-06-30 16:40:29,2023-07-03 16:40:29
REV_000415,ORD_0000574,5,Excellent,Good quality,2024-10-12 13:24:14,2024-10-13 13:24:14
REV_000416,ORD_0000576,5,,Not as described,2024-11-27 03:41:35,2024-12-01 03:41:35
REV_000417,ORD_0000577,5,Good,Recommend,2025-03-03 01:36:33,2025-03-05 01:36:33
REV_000418,ORD_0000578,5,Bad,Fast delivery,2023-02-21 08:50:13,2023-02-24 08:50:13
REV_000419,ORD_0000579,5,Bad,Perfect!,2025-04-21 17:38:20,2025-04-26 17:38:20
REV_000420,ORD_0000580,5,,Love it,2024-03-22 00:55:33,2024-03-25 00:55:33
REV_000421,ORD_0000581,5,Terrible,Love it,2024-08-04 05:18:09,2024-08-09 05:18:09
REV_000422,ORD_0000582,5,Bad,Not as described,2023-03-17 19:20:11,2023-03-21 19:20:11
REV_000423,ORD_0000584,1,Bad,Not as described,2023-10-07 15:32:48,2023-10-11 15:32:48
REV_000424,ORD_0000586,3,Good,,2024-08-14 18:43:06,2024-08-17 18:43:06
REV_000425,ORD_0000587,2,OK,Good quality,2024-04-03 14:05:54,2024-04-08 14:05:54
REV_000426,ORD_0000588,1,,Fast delivery,2024-04-05 17:28:02,2024-04-10 17:28:02
REV_000427,ORD_0000589,5,OK,Good quality,2023-08-05 00:03:59,2023-08-08 00:03:59
REV_000428,ORD_0000590,5,Excellent,Average,2024-10-26 06:37:53,2024-10-28 06:37:53
REV_000429,ORD_0000591,2,Good,Recommend,2023-03-28 09:05:25,2023-03-31 09:05:25
REV_000430,ORD_0000594,3,,OK,2023-01-22 22:08:41,2023-01-26 22:08:41
REV_000431,ORD_0000595,5,,Good quality,2023-07-30 13:35:57,2023-08-03 13:35:57
REV_000432,ORD_0000596,4,,OK,2023-04-16 17:01:57,2023-04-19 17:01:57
REV_000433,ORD_0000597,4,Bad,,2025-05-17 12:52:38,2025-05-18 12:52:38
REV_000434,ORD_0000599,1,Excellent,Recommend,2025-04-25 19:40:19,2025-04-27 19:40:19
REV_000435,ORD_0000600,4,Good,Good quality,2025-02-03 22:38:13,2025-02-05 22:38:13
REV_000436,ORD_0000601,5,Excellent,Recommend,2023-10-22 18:32:31,2023-10-26 18:32:31
REV_000437,ORD_0000602,5,,Love it,2024-09-25 04:47:04,2024-09-27 04:47:04
REV_000438,ORD_0000604,5,OK,Average,2023-10-11 21:35:56,2023-10-15 21:35:56
REV_000439,ORD_0000607,5,OK,Not as described,2024-04-12 10:00:25,2024-04-14 10:00:25
REV_000440,ORD_0000608,4,Terrible,Took too long,2024-04-16 02:58:15,2024-04-17 02:58:15
REV_000441,ORD_0000610,5,Bad,Not as described,2023-05-08 15:15:21,2023-05-09 15:15:21
REV_000442,ORD_0000611,5,Good,,2023-03-30 19:39:28,2023-03-31 19:39:28
REV_000443,ORD_0000612,5,OK,Fast delivery,2023-12-04 22:04:50,2023-12-05 22:04:50
REV_000444,ORD_0000613,5,Bad,Fast delivery,2024-10-08 20:27:04,2024-10-12 20:27:04
REV_000445,ORD_0000614,5,OK,Took too long,2024-10-05 13:14:55,2024-10-08 13:14:55
REV_000446,ORD_0000615,4,OK,Good quality,2024-02-15 14:50:27,2024-02-19 14:50:27
REV_000447,ORD_0000616,5,Bad,Perfect!,2024-07-21 10:37:12,2024-07-25 10:37:12
REV_000448,ORD_0000617,5,Terrible,Recommend,2025-04-20 06:57:36,2025-04-23 06:57:36
REV_000449,ORD_0000618,2,Bad,Not as described,2023-07-17 07:08:51,2023-07-18 07:08:51
REV_000450,ORD_0000619,5,Excellent,Love it,2024-06-20 20:48:22,2024-06-24 20:48:22
REV_000451,ORD_0000623,5,Good,Good quality,2024-01-16 18:36:21,2024-01-19 18:36:21
REV_000452,ORD_0000624,1,Bad,Love it,2023-08-28 00:40:14,2023-08-30 00:40:14
REV_000453,ORD_0000625,4,,Perfect!,2024-05-29 23:49:52,2024-05-31 23:49:52
REV_000454,ORD_0000626,4,Good,Love it,2023-02-06 02:22:01,2023-02-10 02:22:01
REV_000455,ORD_0000627,5,Good,Took too long,2024-10-13 18:58:48,2024-10-16 18:58:48
REV_000456,ORD_0000628,4,OK,Good quality,2023-10-15 23:11:21,2023-10-19 23:11:21
REV_000457,ORD_0000629,1,Good,Recommend,2023-10-30 03:01:53,2023-11-04 03:01:53
REV_000458,ORD_0000632,5,Terrible,Great product!,2024-01-28 10:38:27,2024-01-29 10:38:27
REV_000459,ORD_0000633,4,Terrible,Took too long,2023-08-08 17:18:50,2023-08-12 17:18:50
REV_000460,ORD_0000634,4,OK,Average,2024-06-14 18:56:31,2024-06-16 18:56:31
REV_000461,ORD_0000635,5,,OK,2023-03-14 05:32:24,2023-03-16 05:32:24
REV_000462,ORD_0000637,1,,Average,2024-09-19 12:40:58,2024-09-23 12:40:58
REV_000463,ORD_0000638,5,Bad,Recommend,2023-08-23 09:27:56,2023-08-27 09:27:56
REV_000464,ORD_0000639,5,Bad,Recommend,2023-04-18 04:48:05,2023-04-22 04:48:05
REV_000465,ORD_0000641,2,Terrible,Took too long,2024-02-29 00:11:28,2024-03-04 00:11:28
REV_000466,ORD_0000643,5,Good,,2023-04-18 11:02:34,2023-04-22 11:02:34
REV_000467,ORD_0000645,5,Bad,,2023-10-04 00:49:19,2023-10-07 00:49:19
REV_000468,ORD_0000647,1,Excellent,OK,2025-03-06 06:30:14,2025-03-11 06:30:14
REV_000469,ORD_0000650,5,Excellent,Fast delivery,2024-11-20 11:21:14,2024-11-21 11:21:14
REV_000470,ORD_0000653,4,Terrible,Perfect!,2024-02-12 02:34:24,2024-02-17 02:34:24
REV_000471,ORD_0000654,4,Bad,Not as described,2023-07-15 03:43:35,2023-07-19 03:43:35
REV_000472,ORD_0000657,4,OK,Average,2023-05-14 04:34:26,2023-05-18 04:34:26
REV_000473,ORD_0000658,4,OK,Perfect!,2023-08-05 09:27:52,2023-08-09 09:27:52
REV_000474,ORD_0000659,1,OK,Fast delivery,2023-12-14 18:12:32,2023-12-19 18:12:32
REV_000475,ORD_0000660,2,OK,Not as described,2025-05-10 12:38:51,2025-05-14 12:38:51
REV_000476,ORD_0000661,5,Excellent,Great product!,2024-04-28 18:02:47,2024-05-03 18:02:47
REV_000477,ORD_0000663,5,Bad,Recommend,2024-03-01 21:11:44,2024-03-06 21:11:44
REV_000478,ORD_0000664,5,OK,Perfect!,2024-10-12 17:18:42,2024-10-14 17:18:42
REV_000479,ORD_0000665,4,Terrible,Love it,2025-03-06 17:07:23,2025-03-11 17:07:23
REV_000480,ORD_0000666,5,OK,Great product!,2023-10-21 06:32:02,2023-10-24 06:32:02
REV_000481,ORD_0000667,5,Terrible,,2025-02-08 12:54:12,2025-02-11 12:54:12
REV_000482,ORD_0000668,3,Terrible,Perfect!,2025-02-17 14:31:29,2025-02-18 14:31:29
REV_000483,ORD_0000670,5,Terrible,Fast delivery,2024-03-08 05:04:42,2024-03-13 05:04:42
REV_000484,ORD_0000671,5,,Not as described,2023-08-04 06:45:02,2023-08-08 06:45:02
REV_000485,ORD_0000672,5,OK,Good quality,2024-11-18 22:42:57,2024-11-23 22:42:57
REV_000486,ORD_0000673,5,OK,Recommend,2024-09-09 00:03:49,2024-09-14 00:03:49
REV_000487,ORD_0000674,5,Excellent,Fast delivery,2024-04-13 00:00:21,2024-04-18 00:00:21
REV_000488,ORD_0000675,5,,Love it,2023-05-15 21:10:46,2023-05-17 21:10:46
REV_000489,ORD_0000676,3,Good,Perfect!,2023-08-01 19:13:59,2023-08-02 19:13:59
REV_000490,ORD_0000677,5,Excellent,Not as described,2023-08-12 03:22:20,2023-08-15 03:22:20
REV_000491,ORD_0000678,3,Bad,Good quality,2024-12-16 08:41:39,2024-12-17 08:41:39
REV_000492,ORD_0000679,5,Terrible,,2025-04-04 19:31:06,2025-04-06 19:31:06
REV_000493,ORD_0000680,1,Bad,Average,2024-10-28 22:24:43,2024-11-02 22:24:43
REV_000494,ORD_0000681,3,Excellent,OK,2025-01-01 10:54:42,2025-01-05 10:54:42
REV_000495,ORD_0000682,5,Good,Fast delivery,2024-11-29 23:14:32,2024-12-04 23:14:32
REV_000496,ORD_0000683,5,,Took too long,2024-10-10 03:19:15,2024-10-13 03:19:15
REV_000497,ORD_0000684,5,Good,Love it,2023-11-22 06:09:24,2023-11-27 06:09:24
REV_000498,ORD_0000685,4,,Good quality,2024-04-19 23:56:21,2024-04-20 23:56:21
REV_000499,ORD_0000686,5,OK,Love it,2023-11-23 00:14:54,2023-11-24 00:14:54
REV_000500,ORD_0000687,4,Terrible,Recommend,2023-03-19 21:15:51,2023-03-20 21:15:51
REV_000501,ORD_0000688,5,,Fast delivery,2024-05-09 20:00:04,2024-05-13 20:00:04
REV_000502,ORD_0000689,4,Terrible,,2023-07-06 06:08:05,2023-07-08 06:08:05
REV_000503,ORD_0000690,5,Bad,Great product!,2023-06-28 23:12:15,2023-06-30 23:12:15
REV_000504,ORD_0000692,5,OK,Great product!,2023-07-03 15:28:27,2023-07-08 15:28:27
REV_000505,ORD_0000693,5,,Perfect!,2025-04-16 15:01:48,2025-04-17 15:01:48
REV_000506,ORD_0000694,5,,Love it,2023-07-15 17:46:11,2023-07-16 17:46:11
REV_000507,ORD_0000695,5,Good,OK,2024-02-27 17:38:30,2024-03-02 17:38:30
REV_000508,ORD_0000696,5,Bad,Love it,2024-06-19 23:46:23,2024-06-22 23:46:23
REV_000509,ORD_0000697,1,OK,Good quality,2025-02-05 11:24:31,2025-02-10 11:24:31
REV_000510,ORD_0000699,3,Excellent,Good quality,2025-01-22 15:40:44,2025-01-26 15:40:44
REV_000511,ORD_0000700,2,Excellent,Great product!,2023-03-08 11:40:45,2023-03-12 11:40:45
REV_000512,ORD_0000701,5,OK,Fast delivery,2024-05-24 21:09:16,2024-05-26 21:09:16
REV_000513,ORD_0000702,4,,Love it,2024-02-11 12:45:37,2024-02-12 12:45:37
REV_000514,ORD_0000703,5,Excellent,Fast delivery,2025-05-19 13:16:44,2025-05-23 13:16:44
REV_000515,ORD_0000705,2,Good,,2025-03-08 06:59:47,2025-03-11 06:59:47
REV_000516,ORD_0000706,4,OK,,2023-04-25 22:26:33,2023-04-27 22:26:33
REV_000517,ORD_0000707,4,Terrible,Perfect!,2024-02-26 05:45:08,2024-02-27 05:45:08
REV_000518,ORD_0000710,5,Bad,Good quality,2024-09-05 07:30:31,2024-09-08 07:30:31
REV_000519,ORD_0000711,5,,Good quality,2025-03-22 00:42:37,2025-03-24 00:42:37
REV_000520,ORD_0000712,4,Excellent,Average,2025-03-06 08:59:31,2025-03-11 08:59:31
REV_000521,ORD_0000713,5,Good,OK,2024-01-23 21:56:21,2024-01-27 21:56:21
REV_000522,ORD_0000714,5,Bad,Recommend,2024-01-13 10:51:06,2024-01-17 10:51:06
REV_000523,ORD_0000716,5,,Took too long,2024-12-27 21:55:30,2024-12-30 21:55:30
REV_000524,ORD_0000718,5,Excellent,Fast delivery,2025-02-16 19:50:05,2025-02-21 19:50:05
REV_000525,ORD_0000719,5,Terrible,Great product!,2025-01-08 03:46:24,2025-01-10 03:46:24
REV_000526,ORD_0000720,5,Excellent,Love it,2023-06-02 15:50:05,2023-06-04 15:50:05
REV_000527,ORD_0000723,5,Good,Love it,2025-02-11 08:42:30,2025-02-14 08:42:30
REV_000528,ORD_0000725,5,Good,Recommend,2024-11-21 10:24:58,2024-11-23 10:24:58
REV_000529,ORD_0000726,1,OK,OK,2023-09-26 07:16:07,2023-10-01 07:16:07
REV_000530,ORD_0000727,4,,Good quality,2024-10-10 06:47:07,2024-10-13 06:47:07
REV_000531,ORD_0000729,5,Terrible,Good quality,2024-02-14 21:59:50,2024-02-16 21:59:50
REV_000532,ORD_0000731,5,Excellent,Love it,2023-06-16 19:18:09,2023-06-20 19:18:09
REV_000533,ORD_0000732,5,Excellent,Good quality,2025-02-03 18:30:40,2025-02-04 18:30:40
REV_000534,ORD_0000735,5,Excellent,OK,2024-08-18 12:21:27,2024-08-22 12:21:27
REV_000535,ORD_0000736,5,Excellent,OK,2023-11-15 09:44:59,2023-11-20 09:44:59
REV_000536,ORD_0000738,3,Terrible,Love it,2023-07-30 18:08:28,2023-08-01 18:08:28
REV_000537,ORD_0000739,5,OK,Love it,2025-05-08 23:12:47,2025-05-13 23:12:47
REV_000538,ORD_0000740,4,Good,Took too long,2024-04-26 21:53:10,2024-04-30 21:53:10
REV_000539,ORD_0000743,3,Bad,OK,2024-02-27 22:50:42,2024-02-29 22:50:42
REV_000540,ORD_0000745,5,Excellent,Fast delivery,2024-12-02 16:14:01,2024-12-04 16:14:01
REV_000541,ORD_0000746,5,,Fast delivery,2024-09-05 05:24:30,2024-09-08 05:24:30
REV_000542,ORD_0000747,5,OK,Good quality,2023-05-16 10:04:45,2023-05-21 10:04:45
REV_000543,ORD_0000748,5,Terrible,,2023-03-31 16:53:37,2023-04-02 16:53:37
REV_000544,ORD_0000749,5,,Recommend,2024-12-16 03:11:55,2024-12-19 03:11:55
REV_000545,ORD_0000751,5,Bad,Good quality,2023-06-13 16:19:23,2023-06-18 16:19:23
REV_000546,ORD_0000752,1,Excellent,Not as described,2025-04-25 09:42:34,2025-04-28 09:42:34
REV_000547,ORD_0000753,5,Terrible,,2024-01-11 19:34:32,2024-01-13 19:34:32
REV_000548,ORD_0000754,1,Terrible,,2023-09-22 04:38:35,2023-09-24 04:38:35
REV_000549,ORD_0000756,4,,OK,2024-03-30 22:09:34,2024-04-03 22:09:34
REV_000550,ORD_0000757,5,Excellent,Average,2024-11-03 06:45:23,2024-11-08 06:45:23
REV_000551,ORD_0000758,5,Excellent,Great product!,2025-04-27 13:24:01,2025-04-30 13:24:01
REV_000552,ORD_0000759,3,,Perfect!,2023-04-28 21:35:26,2023-05-01 21:35:26
REV_000553,ORD_0000760,5,Excellent,Not as described,2025-04-30 07:17:00,2025-05-04 07:17:00
REV_000554,ORD_0000763,5,Good,,2023-12-27 12:11:22,2023-12-30 12:11:22
REV_000555,ORD_0000764,1,Bad,Perfect!,2024-09-18 04:16:00,2024-09-21 04:16:00
REV_000556,ORD_0000766,4,Terrible,Recommend,2025-01-02 14:11:28,2025-01-06 14:11:28
REV_000557,ORD_0000767,4,,Great product!,2024-04-13 16:45:56,2024-04-14 16:45:56
REV_000558,ORD_0000768,5,,Perfect!,2023-04-18 20:05:04,2023-04-21 20:05:04
REV_000559,ORD_0000771,5,,Good quality,2023-01-31 19:12:58,2023-02-03 19:12:58
REV_000560,ORD_0000772,5,Excellent,Fast delivery,2024-12-20 16:43:38,2024-12-25 16:43:38
REV_000561,ORD_0000773,5,OK,Great product!,2025-03-11 16:57:14,2025-03-13 16:57:14
REV_000562,ORD_0000775,2,Bad,Average,2024-07-29 03:18:19,2024-08-02 03:18:19
REV_000563,ORD_0000777,5,OK,Not as described,2024-06-05 01:22:00,2024-06-06 01:22:00
REV_000564,ORD_0000778,5,Good,Recommend,2024-01-30 00:06:27,2024-02-02 00:06:27
REV_000565,ORD_0000779,5,Terrible,Perfect!,2023-06-12 13:07:58,2023-06-16 13:07:58
REV_000566,ORD_0000780,5,,Perfect!,2024-04-26 05:34:51,2024-04-27 05:34:51
REV_000567,ORD_0000781,5,,Perfect!,2024-04-21 05:08:22,2024-04-23 05:08:22
REV_000568,ORD_0000782,3,Excellent,Took too long,2023-11-27 01:08:25,2023-11-28 01:08:25
REV_000569,ORD_0000783,5,,OK,2023-08-13 15:42:17,2023-08-14 15:42:17
REV_000570,ORD_0000785,4,Bad,Took too long,2023-04-26 00:08:09,2023-05-01 00:08:09
REV_000571,ORD_0000786,5,Bad,Perfect!,2024-09-14 23:00:27,2024-09-17 23:00:27
REV_000572,ORD_0000787,5,Terrible,Took too long,2024-04-14 07:39:09,2024-04-16 07:39:09
REV_000573,ORD_0000788,3,,,2023-10-11 21:52:27,2023-10-15 21:52:27
REV_000574,ORD_0000789,1,,OK,2023-07-28 06:54:37,2023-07-30 06:54:37
REV_000575,ORD_0000790,5,Bad,Average,2023-06-23 13:01:39,2023-06-24 13:01:39
REV_000576,ORD_0000791,5,Excellent,Love it,2024-07-11 09:44:40,2024-07-13 09:44:40
REV_000577,ORD_0000793,5,Terrible,Recommend,2023-11-30 01:11:02,2023-12-05 01:11:02
REV_000578,ORD_0000794,5,Good,Love it,2024-03-24 05:16:31,2024-03-27 05:16:31
REV_000579,ORD_0000795,5,Terrible,Average,2023-02-13 21:35:49,2023-02-14 21:35:49
REV_000580,ORD_0000796,5,Good,Not as described,2023-09-06 20:17:13,2023-09-09 20:17:13
REV_000581,ORD_0000798,5,OK,Average,2024-04-11 03:04:34,2024-04-15 03:04:34
REV_000582,ORD_0000799,2,Terrible,Recommend,2025-01-26 04:02:08,2025-01-29 04:02:08
REV_000583,ORD_0000800,3,Good,OK,2023-12-30 11:28:40,2024-01-03 11:28:40
REV_000584,ORD_0000801,5,Excellent,Great product!,2024-04-11 16:59:32,2024-04-15 16:59:32
REV_000585,ORD_0000802,5,Excellent,Perfect!,2024-09-14 01:50:44,2024-09-15 01:50:44
REV_000586,ORD_0000803,1,Excellent,OK,2024-07-11 16:04:10,2024-07-12 16:04:10
REV_000587,ORD_0000804,5,Bad,Recommend,2023-09-14 05:00:10,2023-09-15 05:00:10
REV_000588,ORD_0000806,5,OK,Fast delivery,2023-09-16 01:34:15,2023-09-17 01:34:15
REV_000589,ORD_0000807,4,Excellent,Great product!,2023-06-12 08:55:50,2023-06-15 08:55:50
REV_000590,ORD_0000808,5,Terrible,Fast delivery,2024-11-11 11:40:38,2024-11-12 11:40:38
REV_000591,ORD_0000809,5,OK,,2023-06-09 13:57:39,2023-06-11 13:57:39
REV_000592,ORD_0000812,5,Terrible,Great product!,2023-11-07 06:37:40,2023-11-11 06:37:40
REV_000593,ORD_0000813,4,Bad,Perfect!,2023-06-23 15:05:31,2023-06-24 15:05:31
REV_000594,ORD_0000814,5,Terrible,Recommend,2023-10-29 00:19:10,2023-10-30 00:19:10
REV_000595,ORD_0000816,1,Terrible,Fast delivery,2025-02-12 00:38:06,2025-02-17 00:38:06
REV_000596,ORD_0000817,5,Bad,Not as described,2025-06-10 20:59:02,2025-06-14 20:59:02
REV_000597,ORD_0000818,5,OK,Good quality,2025-04-04 00:50:06,2025-04-06 00:50:06
REV_000598,ORD_0000819,5,,Took too long,2023-06-21 15:48:36,2023-06-23 15:48:36
REV_000599,ORD_0000820,3,,Love it,2025-01-07 08:40:34,2025-01-10 08:40:34
REV_000600,ORD_0000822,5,,Recommend,2024-12-05 09:14:58,2024-12-09 09:14:58
REV_000601,ORD_0000823,1,OK,Recommend,2023-05-01 07:06:18,2023-05-02 07:06:18
REV_000602,ORD_0000824,4,Bad,Great product!,2023-02-19 19:09:11,2023-02-21 19:09:11
REV_000603,ORD_0000825,5,Terrible,,2024-03-21 04:57:42,2024-03-25 04:57:42
REV_000604,ORD_0000826,1,Excellent,Fast delivery,2024-02-21 08:51:58,2024-02-22 08:51:58
REV_000605,ORD_0000827,4,,Good quality,2024-12-14 04:20:09,2024-12-15 04:20:09
REV_000606,ORD_0000829,4,Good,Took too long,2024-02-05 11:20:31,2024-02-07 11:20:31
REV_000607,ORD_0000831,3,OK,Took too long,2024-07-20 07:24:05,2024-07-25 07:24:05
REV_000608,ORD_0000833,5,,OK,2024-08-13 15:08:58,2024-08-15 15:08:58
REV_000609,ORD_0000835,1,Terrible,Love it,2023-09-17 07:03:47,2023-09-21 07:03:47
REV_000610,ORD_0000837,5,Bad,,2023-07-06 11:09:05,2023-07-09 11:09:05
REV_000611,ORD_0000839,4,Excellent,Good quality,2025-02-23 10:28:50,2025-02-24 10:28:50
REV_000612,ORD_0000840,5,Bad,Average,2024-10-23 05:32:10,2024-10-26 05:32:10
REV_000613,ORD_0000843,2,,,2023-09-14 12:39:03,2023-09-19 12:39:03
REV_000614,ORD_0000845,5,Bad,Love it,2023-09-02 08:06:06,2023-09-04 08:06:06
REV_000615,ORD_0000846,5,Bad,Not as described,2023-03-31 06:38:00,2023-04-04 06:38:00
REV_000616,ORD_0000847,3,Good,Fast delivery,2023-03-03 07:17:05,2023-03-07 07:17:05
REV_000617,ORD_0000849,1,OK,Great product!,2023-12-20 12:46:22,2023-12-22 12:46:22
REV_000618,ORD_0000850,4,Good,Average,2024-06-29 04:01:37,2024-07-04 04:01:37
REV_000619,ORD_0000851,5,OK,,2023-06-28 21:29:05,2023-06-30 21:29:05
REV_000620,ORD_0000853,5,,Good quality,2024-07-19 10:28:50,2024-07-21 10:28:50
REV_000621,ORD_0000855,5,Excellent,Took too long,2023-07-04 18:40:31,2023-07-05 18:40:31
REV_000622,ORD_0000857,3,OK,Recommend,2024-01-06 02:04:11,2024-01-07 02:04:11
REV_000623,ORD_0000858,5,OK,Great product!,2023-06-18 03:36:31,2023-06-21 03:36:31
REV_000624,ORD_0000859,4,Good,Good quality,2024-10-24 21:08:28,2024-10-27 21:08:28
REV_000625,ORD_0000860,4,Bad,Average,2024-07-14 14:16:56,2024-07-18 14:16:56
REV_000626,ORD_0000861,1,Bad,Took too long,2025-05-19 17:00:09,2025-05-21 17:00:09
REV_000627,ORD_0000863,5,Excellent,Great product!,2023-05-02 05:46:06,2023-05-05 05:46:06
REV_000628,ORD_0000864,3,Terrible,Love it,2024-05-22 06:44:47,2024-05-27 06:44:47
REV_000629,ORD_0000865,5,Terrible,Not as described,2023-07-03 15:09:40,2023-07-08 15:09:40
REV_000630,ORD_0000866,4,Excellent,Recommend,2025-04-19 11:50:27,2025-04-21 11:50:27
REV_000631,ORD_0000867,5,Bad,,2025-03-23 21:27:17,2025-03-28 21:27:17
REV_000632,ORD_0000868,5,Bad,,2025-01-04 14:55:26,2025-01-08 14:55:26
REV_000633,ORD_0000871,4,OK,Fast delivery,2025-01-14 18:24:52,2025-01-19 18:24:52
REV_000634,ORD_0000872,5,Excellent,Good quality,2023-06-09 10:42:52,2023-06-11 10:42:52
REV_000635,ORD_0000874,4,Good,Good quality,2023-05-27 20:28:40,2023-06-01 20:28:40
REV_000636,ORD_0000875,4,Good,OK,2024-12-27 17:49:10,2024-12-31 17:49:10
REV_000637,ORD_0000876,1,Good,Took too long,2023-02-24 11:52:23,2023-02-26 11:52:23
REV_000638,ORD_0000877,5,OK,OK,2023-06-11 22:31:41,2023-06-16 22:31:41
REV_000639,ORD_0000878,4,OK,Recommend,2025-03-27 10:07:59,2025-04-01 10:07:59
REV_000640,ORD_0000879,3,Bad,,2024-10-10 05:34:27,2024-10-12 05:34:27
REV_000641,ORD_0000881,4,,Average,2025-03-19 19:59:34,2025-03-20 19:59:34
REV_000642,ORD_0000883,2,Excellent,Average,2024-05-11 03:22:50,2024-05-14 03:22:50
REV_000643,ORD_0000885,5,Excellent,OK,2023-01-14 13:02:00,2023-01-19 13:02:00
REV_000644,ORD_0000887,5,Bad,Took too long,2024-11-25 12:53:03,2024-11-26 12:53:03
REV_000645,ORD_0000888,4,Good,Not as described,2023-07-08 13:14:06,2023-07-09 13:14:06
REV_000646,ORD_0000890,5,Excellent,OK,2023-05-08 02:01:27,2023-05-13 02:01:27
REV_000647,ORD_0000893,4,,Not as described,2024-07-08 07:46:49,2024-07-11 07:46:49
REV_000648,ORD_0000894,2,Good,Not as described,2024-10-29 18:55:06,2024-10-31 18:55:06
REV_000649,ORD_0000895,5,OK,Recommend,2023-06-29 09:16:57,2023-07-01 09:16:57
REV_000650,ORD_0000896,5,Terrible,Great product!,2023-05-21 15:50:01,2023-05-25 15:50:01
REV_000651,ORD_0000899,4,,Perfect!,2024-06-14 19:38:34,2024-06-15 19:38:34
REV_000652,ORD_0000900,4,OK,Great product!,2023-02-13 16:32:48,2023-02-16 16:32:48
REV_000653,ORD_0000901,3,Bad,Good quality,2023-09-17 00:20:08,2023-09-20 00:20:08
REV_000654,ORD_0000903,5,Terrible,Great product!,2024-03-09 06:16:11,2024-03-11 06:16:11
REV_000655,ORD_0000905,4,OK,Took too long,2023-11-07 10:39:06,2023-11-12 10:39:06
REV_000656,ORD_0000908,5,Bad,OK,2025-04-21 10:27:50,2025-04-22 10:27:50
REV_000657,ORD_0000909,5,,Great product!,2024-01-31 11:09:49,2024-02-02 11:09:49
REV_000658,ORD_0000910,4,Terrible,Took too long,2024-09-10 10:57:14,2024-09-14 10:57:14
REV_000659,ORD_0000911,5,Terrible,Fast delivery,2024-07-24 06:06:35,2024-07-27 06:06:35
REV_000660,ORD_0000912,4,OK,,2024-05-03 10:52:20,2024-05-08 10:52:20
REV_000661,ORD_0000913,5,Excellent,OK,2023-10-27 13:07:07,2023-10-31 13:07:07
REV_000662,ORD_0000916,5,Excellent,Fast delivery,2023-04-30 13:46:19,2023-05-03 13:46:19
REV_000663,ORD_0000917,5,,OK,2024-08-24 10:31:39,2024-08-29 10:31:39
REV_000664,ORD_0000918,5,Bad,OK,2024-01-23 19:06:01,2024-01-25 19:06:01
REV_000665,ORD_0000920,5,Good,Good quality,2024-12-28 01:16:56,2024-12-30 01:16:56
REV_000666,ORD_0000921,5,OK,Fast delivery,2023-12-25 22:39:50,2023-12-27 22:39:50
REV_000667,ORD_0000924,4,Terrible,Fast delivery,2023-11-06 09:45:05,2023-11-07 09:45:05
REV_000668,ORD_0000926,4,Good,Average,2025-05-14 12:12:31,2025-05-15 12:12:31
REV_000669,ORD_0000929,5,Good,Recommend,2024-12-18 09:55:36,2024-12-23 09:55:36
REV_000670,ORD_0000930,5,OK,Average,2024-05-10 05:17:01,2024-05-12 05:17:01
REV_000671,ORD_0000931,5,Bad,Not as described,2023-05-17 17:05:22,2023-05-21 17:05:22
REV_000672,ORD_0000932,5,Excellent,Love it,2023-10-16 11:06:03,2023-10-21 11:06:03
REV_000673,ORD_0000935,4,Terrible,Love it,2023-10-10 02:34:06,2023-10-14 02:34:06
REV_000674,ORD_0000937,5,,Not as described,2023-08-20 11:40:18,2023-08-25 11:40:18
REV_000675,ORD_0000939,5,Terrible,Average,2023-07-07 05:21:57,2023-07-12 05:21:57
REV_000676,ORD_0000940,5,Terrible,OK,2023-11-01 02:10:43,2023-11-06 02:10:43
REV_000677,ORD_0000941,5,OK,Great product!,2024-06-06 07:30:07,2024-06-09 07:30:07
REV_000678,ORD_0000942,5,Bad,OK,2024-07-13 05:48:09,2024-07-17 05:48:09
REV_000679,ORD_0000943,5,,OK,2025-02-11 11:34:16,2025-02-15 11:34:16
REV_000680,ORD_0000944,3,,Love it,2023-12-20 16:49:42,2023-12-21 16:49:42
REV_000681,ORD_0000946,3,OK,Not as described,2024-12-23 13:23:13,2024-12-25 13:23:13
REV_000682,ORD_0000949,4,Terrible,Perfect!,2025-01-13 10:53:39,2025-01-18 10:53:39
REV_000683,ORD_0000950,4,Terrible,Love it,2023-05-29 00:31:59,2023-06-02 00:31:59
REV_000684,ORD_0000951,5,OK,Took too long,2023-11-20 19:35:42,2023-11-21 19:35:42
REV_000685,ORD_0000952,3,OK,Average,2023-09-15 09:52:37,2023-09-16 09:52:37
REV_000686,ORD_0000954,5,OK,Love it,2025-04-05 17:09:05,2025-04-07 17:09:05
REV_000687,ORD_0000956,1,OK,Not as described,2024-02-22 03:57:16,2024-02-25 03:57:16
REV_000688,ORD_0000957,2,Bad,Average,2024-12-12 10:51:37,2024-12-15 10:51:37
REV_000689,ORD_0000959,4,,Good quality,2024-04-15 03:08:33,2024-04-17 03:08:33
REV_000690,ORD_0000960,5,OK,Great product!,2024-04-21 14:26:26,2024-04-26 14:26:26
REV_000691,ORD_0000961,5,,Fast delivery,2025-03-31 13:05:48,2025-04-04 13:05:48
REV_000692,ORD_0000963,4,Bad,Average,2024-12-31 00:29:51,2025-01-02 00:29:51
REV_000693,ORD_0000964,5,,Good quality,2024-01-08 19:06:52,2024-01-09 19:06:52
REV_000694,ORD_0000965,4,Excellent,OK,2025-02-05 18:43:32,2025-02-10 18:43:32
REV_000695,ORD_0000966,5,Terrible,Fast delivery,2023-09-08 21:40:54,2023-09-10 21:40:54
REV_000696,ORD_0000967,5,OK,,2024-06-22 19:44:12,2024-06-23 19:44:12
REV_000697,ORD_0000968,5,Excellent,Perfect!,2023-09-03 03:30:01,2023-09-05 03:30:01
REV_000698,ORD_0000970,4,Excellent,Average,2024-11-18 19:07:27,2024-11-19 19:07:27
REV_000699,ORD_0000971,5,Excellent,Great product!,2025-02-23 21:15:10,2025-02-26 21:15:10
REV_000700,ORD_0000972,1,Bad,Not as described,2023-05-01 18:31:23,2023-05-05 18:31:23
REV_000701,ORD_0000973,5,Excellent,Took too long,2024-03-07 13:09:01,2024-03-11 13:09:01
REV_000702,ORD_0000975,5,Bad,,2023-07-03 14:56:46,2023-07-04 14:56:46
REV_000703,ORD_0000976,4,Excellent,Great product!,2024-02-07 22:33:24,2024-02-09 22:33:24
REV_000704,ORD_0000978,5,Terrible,OK,2024-02-23 02:58:53,2024-02-26 02:58:53
REV_000705,ORD_0000979,5,Good,Fast delivery,2023-07-11 18:45:59,2023-07-14 18:45:59
REV_000706,ORD_0000980,4,Bad,Love it,2024-08-30 11:37:39,2024-09-02 11:37:39
REV_000707,ORD_0000981,5,Good,Average,2023-05-13 21:06:31,2023-05-15 21:06:31
REV_000708,ORD_0000986,5,Bad,Love it,2025-04-23 06:05:37,2025-04-27 06:05:37
REV_000709,ORD_0000987,5,Terrible,Average,2025-04-21 04:57:00,2025-04-22 04:57:00
REV_000710,ORD_0000988,5,Terrible,Love it,2025-02-08 23:41:33,2025-02-10 23:41:33
REV_000711,ORD_0000990,5,Excellent,Took too long,2024-10-15 12:55:04,2024-10-20 12:55:04
REV_000712,ORD_0000991,5,,OK,2023-05-23 15:14:03,2023-05-27 15:14:03
REV_000713,ORD_0000993,5,Good,Not as described,2024-08-31 07:54:33,2024-09-01 07:54:33
REV_000714,ORD_0000994,4,OK,OK,2024-06-06 08:41:01,2024-06-09 08:41:01
REV_000715,ORD_0000995,4,Bad,Love it,2025-03-29 01:08:13,2025-03-31 01:08:13
REV_000716,ORD_0000998,4,OK,Not as described,2023-02-11 15:32:14,2023-02-13 15:32:14
REV_000717,ORD_0000999,4,Bad,Fast delivery,2023-09-01 00:59:03,2023-09-06 00:59:03
REV_000718,ORD_0001000,5,OK,Love it,2025-02-04 00:35:30,2025-02-09 00:35:30
